TP,SL,Nanpin,Tolerance,trades,win_rate,total_pips,max_dd,pf,rf
30,30,20,15,36,63.89,210.0,-150.0,1.44,1.4
30,30,20,20,70,60.0,330.0,-240.0,1.32,1.38
30,30,20,25,105,66.67,960.0,-180.0,1.78,5.33
30,30,20,30,159,57.86,750.0,-270.0,1.34,2.78
30,30,20,35,200,58.5,1020.0,-300.0,1.38,3.4
30,30,30,15,36,63.89,300.0,-120.0,1.77,2.5
30,30,30,20,70,60.0,420.0,-150.0,1.5,2.8
30,30,30,25,104,66.35,1020.0,-150.0,1.97,6.8
30,30,30,30,158,56.96,660.0,-210.0,1.32,3.14
30,30,30,35,200,57.5,900.0,-300.0,1.35,3.0
30,30,40,15,36,63.89,300.0,-120.0,1.77,2.5
30,30,40,20,70,60.0,420.0,-150.0,1.5,2.8
30,30,40,25,104,66.35,1020.0,-150.0,1.97,6.8
30,30,40,30,158,56.96,660.0,-210.0,1.32,3.14
30,30,40,35,200,57.5,900.0,-300.0,1.35,3.0
30,30,50,15,36,63.89,300.0,-120.0,1.77,2.5
30,30,50,20,70,60.0,420.0,-150.0,1.5,2.8
30,30,50,25,104,66.35,1020.0,-150.0,1.97,6.8
30,30,50,30,158,56.96,660.0,-210.0,1.32,3.14
30,30,50,35,200,57.5,900.0,-300.0,1.35,3.0
30,30,60,15,36,63.89,300.0,-120.0,1.77,2.5
30,30,60,20,70,60.0,420.0,-150.0,1.5,2.8
30,30,60,25,104,66.35,1020.0,-150.0,1.97,6.8
30,30,60,30,158,56.96,660.0,-210.0,1.32,3.14
30,30,60,35,200,57.5,900.0,-300.0,1.35,3.0
30,40,20,15,35,71.43,320.0,-200.0,1.62,1.6
30,40,20,20,69,66.67,10.0,-660.0,1.01,0.02
30,40,20,25,102,71.57,670.0,-570.0,1.36,1.18
30,40,20,30,152,61.84,380.0,-710.0,1.12,0.54
30,40,20,35,187,63.1,660.0,-790.0,1.18,0.84
30,40,30,15,35,68.57,280.0,-120.0,1.64,2.33
30,40,30,20,69,65.22,390.0,-180.0,1.41,2.17
30,40,30,25,101,69.31,860.0,-200.0,1.69,4.3
30,40,30,30,149,59.73,240.0,-490.0,1.1,0.49
30,40,30,35,184,61.41,520.0,-480.0,1.18,1.08
30,40,40,15,35,68.57,280.0,-120.0,1.64,2.33
30,40,40,20,69,65.22,390.0,-180.0,1.41,2.17
30,40,40,25,101,69.31,860.0,-200.0,1.69,4.3
30,40,40,30,149,59.73,270.0,-370.0,1.11,0.73
30,40,40,35,184,61.41,550.0,-360.0,1.19,1.53
30,40,50,15,35,68.57,280.0,-120.0,1.64,2.33
30,40,50,20,69,65.22,390.0,-180.0,1.41,2.17
30,40,50,25,101,69.31,860.0,-200.0,1.69,4.3
30,40,50,30,149,59.73,270.0,-370.0,1.11,0.73
30,40,50,35,184,61.41,550.0,-360.0,1.19,1.53
30,40,60,15,35,68.57,280.0,-120.0,1.64,2.33
30,40,60,20,69,65.22,390.0,-180.0,1.41,2.17
30,40,60,25,101,69.31,860.0,-200.0,1.69,4.3
30,40,60,30,149,59.73,270.0,-370.0,1.11,0.73
30,40,60,35,184,61.41,550.0,-360.0,1.19,1.53
30,50,20,15,35,74.29,120.0,-340.0,1.16,0.35
30,50,20,20,67,70.15,-520.0,-820.0,0.76,-0.63
30,50,20,25,98,73.47,20.0,-730.0,1.01,0.03
30,50,20,30,146,65.07,-300.0,-960.0,0.93,-0.31
30,50,20,35,177,66.67,80.0,-1050.0,1.02,0.08
30,50,30,15,35,71.43,100.0,-300.0,1.15,0.33
30,50,30,20,67,68.66,30.0,-290.0,1.02,0.1
30,50,30,25,97,71.13,370.0,-240.0,1.22,1.54
30,50,30,30,144,61.11,-820.0,-1130.0,0.77,-0.73
30,50,30,35,175,63.43,-530.0,-920.0,0.87,-0.58
30,50,40,15,35,71.43,250.0,-150.0,1.5,1.67
30,50,40,20,67,68.66,180.0,-220.0,1.15,0.82
30,50,40,25,97,71.13,520.0,-200.0,1.34,2.6
30,50,40,30,144,61.11,-460.0,-680.0,0.85,-0.68
30,50,40,35,176,63.07,-220.0,-530.0,0.94,-0.42
30,50,50,15,35,71.43,250.0,-150.0,1.5,1.67
30,50,50,20,67,68.66,330.0,-220.0,1.31,1.5
30,50,50,25,97,71.13,670.0,-200.0,1.48,3.35
30,50,50,30,144,61.11,-160.0,-610.0,0.94,-0.26
30,50,50,35,176,63.07,80.0,-530.0,1.02,0.15
30,50,60,15,35,71.43,250.0,-150.0,1.5,1.67
30,50,60,20,67,68.66,330.0,-220.0,1.31,1.5
30,50,60,25,97,71.13,670.0,-200.0,1.48,3.35
30,50,60,30,144,61.11,-160.0,-610.0,0.94,-0.26
30,50,60,35,176,63.07,80.0,-530.0,1.02,0.15
30,60,20,15,35,82.86,690.0,-240.0,2.28,2.88
30,60,20,20,66,75.76,-90.0,-1020.0,0.96,-0.09
30,60,20,25,97,77.32,30.0,-930.0,1.01,0.03
30,60,20,30,140,70.71,-30.0,-1110.0,0.99,-0.03
30,60,20,35,170,71.18,240.0,-1140.0,1.05,0.21
30,60,30,15,35,80.0,510.0,-240.0,1.85,2.13
30,60,30,20,66,75.76,540.0,-330.0,1.36,1.64
30,60,30,25,96,77.08,720.0,-360.0,1.35,2.0
30,60,30,30,138,67.39,-360.0,-990.0,0.91,-0.36
30,60,30,35,169,68.64,-150.0,-930.0,0.97,-0.16
30,60,40,15,35,80.0,600.0,-180.0,2.43,3.33
30,60,40,20,66,75.76,540.0,-330.0,1.41,1.64
30,60,40,25,96,77.08,900.0,-300.0,1.54,3.0
30,60,40,30,138,66.67,-360.0,-1080.0,0.9,-0.33
30,60,40,35,169,68.05,-150.0,-1020.0,0.96,-0.15
30,60,50,15,34,76.47,300.0,-180.0,1.63,1.67
30,60,50,20,64,71.88,120.0,-480.0,1.1,0.25
30,60,50,25,94,74.47,480.0,-390.0,1.3,1.23
30,60,50,30,136,64.71,-600.0,-900.0,0.81,-0.67
30,60,50,35,167,66.47,-390.0,-900.0,0.9,-0.43
30,60,60,15,34,76.47,300.0,-180.0,1.63,1.67
30,60,60,20,64,71.88,300.0,-300.0,1.28,1.0
30,60,60,25,94,74.47,660.0,-240.0,1.46,2.75
30,60,60,30,136,64.71,-240.0,-720.0,0.92,-0.33
30,60,60,35,167,66.47,-30.0,-720.0,0.99,-0.04
30,70,20,15,35,82.86,390.0,-500.0,1.46,0.78
30,70,20,20,66,81.82,1050.0,-830.0,1.56,1.27
30,70,20,25,97,82.47,1480.0,-810.0,1.56,1.83
30,70,20,30,137,75.91,-290.0,-2480.0,0.95,-0.12
30,70,20,35,166,75.9,-30.0,-2460.0,1.0,-0.01
30,70,30,15,35,80.0,200.0,-500.0,1.22,0.4
30,70,30,20,66,80.3,950.0,-620.0,1.62,1.53
30,70,30,25,96,80.21,830.0,-760.0,1.35,1.09
30,70,30,30,136,72.06,-470.0,-1790.0,0.9,-0.26
30,70,30,35,166,72.89,-270.0,-1780.0,0.95,-0.15
30,70,40,15,35,80.0,530.0,-210.0,2.08,2.52
30,70,40,20,66,80.3,1100.0,-410.0,1.98,2.68
30,70,40,25,96,80.21,1190.0,-550.0,1.68,2.16
30,70,40,30,136,71.32,-360.0,-1740.0,0.91,-0.21
30,70,40,35,166,72.29,-160.0,-1730.0,0.96,-0.09
30,70,50,15,34,76.47,220.0,-210.0,1.39,1.05
30,70,50,20,64,75.0,110.0,-590.0,1.08,0.19
30,70,50,25,94,76.6,200.0,-670.0,1.1,0.3
30,70,50,30,134,68.66,-930.0,-1320.0,0.75,-0.7
30,70,50,35,164,70.12,-730.0,-1310.0,0.83,-0.56
30,70,60,15,34,76.47,220.0,-210.0,1.39,1.05
30,70,60,20,64,75.0,320.0,-380.0,1.29,0.84
30,70,60,25,94,76.6,620.0,-300.0,1.4,2.07
30,70,60,30,134,68.66,-300.0,-900.0,0.9,-0.33
30,70,60,35,164,70.12,-100.0,-890.0,0.97,-0.11
30,80,20,15,35,82.86,-210.0,-1090.0,0.85,-0.19
30,80,20,20,66,83.33,110.0,-1930.0,1.04,0.06
30,80,20,25,96,84.38,840.0,-1680.0,1.23,0.5
30,80,20,30,134,80.6,-1230.0,-3620.0,0.84,-0.34
30,80,20,35,161,80.75,-640.0,-3410.0,0.92,-0.19
30,80,30,15,35,82.86,-210.0,-1090.0,0.85,-0.19
30,80,30,20,66,83.33,260.0,-1690.0,1.1,0.15
30,80,30,25,95,83.16,340.0,-1670.0,1.11,0.2
30,80,30,30,133,77.44,-1480.0,-3080.0,0.78,-0.48
30,80,30,35,160,78.12,-980.0,-2920.0,0.86,-0.34
30,80,40,15,35,82.86,90.0,-720.0,1.09,0.13
30,80,40,20,66,83.33,620.0,-1210.0,1.34,0.51
30,80,40,25,95,83.16,700.0,-1190.0,1.28,0.59
30,80,40,30,133,76.69,-710.0,-2250.0,0.86,-0.32
30,80,40,35,160,77.5,-600.0,-2450.0,0.9,-0.24
30,80,50,15,34,79.41,-230.0,-720.0,0.78,-0.32
30,80,50,20,64,78.12,-160.0,-890.0,0.91,-0.18
30,80,50,25,93,79.57,-80.0,-810.0,0.97,-0.1
30,80,50,30,132,73.48,-1510.0,-1970.0,0.7,-0.77
30,80,50,35,160,75.0,-1370.0,-2100.0,0.76,-0.65
30,80,60,15,34,79.41,250.0,-240.0,1.45,1.04
30,80,60,20,64,78.12,470.0,-310.0,1.42,1.52
30,80,60,25,93,79.57,790.0,-250.0,1.52,3.16
30,80,60,30,131,73.28,-280.0,-1130.0,0.92,-0.25
30,80,60,35,160,74.38,20.0,-1170.0,1.01,0.02
30,100,20,15,35,91.43,570.0,-1100.0,1.48,0.52
30,100,20,20,66,92.42,1580.0,-1860.0,1.56,0.85
30,100,20,25,95,91.58,1970.0,-1810.0,1.53,1.09
30,100,20,30,130,87.69,-850.0,-3590.0,0.9,-0.24
30,100,20,35,155,89.03,940.0,-2870.0,1.11,0.33
30,100,30,15,35,91.43,570.0,-1100.0,1.48,0.52
30,100,30,20,66,90.91,1440.0,-1380.0,1.6,1.04
30,100,30,25,94,90.43,1770.0,-1320.0,1.59,1.34
30,100,30,30,129,86.05,-590.0,-2080.0,0.92,-0.28
30,100,30,35,154,87.01,800.0,-1620.0,1.11,0.49
30,100,40,15,35,85.71,-230.0,-1200.0,0.84,-0.19
30,100,40,20,66,87.88,610.0,-1520.0,1.27,0.4
30,100,40,25,94,88.3,940.0,-1470.0,1.32,0.64
30,100,40,30,129,84.5,-980.0,-1770.0,0.85,-0.55
30,100,40,35,154,85.06,-860.0,-2170.0,0.88,-0.4
30,100,50,15,33,84.85,-470.0,-1200.0,0.66,-0.39
30,100,50,20,62,85.48,30.0,-1240.0,1.01,0.02
30,100,50,25,90,86.67,360.0,-1250.0,1.13,0.29
30,100,50,30,126,81.75,-2060.0,-2300.0,0.68,-0.9
30,100,50,35,153,82.35,-2190.0,-2540.0,0.71,-0.86
30,100,60,15,33,84.85,430.0,-300.0,1.86,1.43
30,100,60,20,61,85.25,1020.0,-200.0,2.13,5.1
30,100,60,25,88,86.36,840.0,-800.0,1.47,1.05
30,100,60,30,124,82.26,-550.0,-1510.0,0.88,-0.36
30,100,60,35,153,82.35,-750.0,-2030.0,0.87,-0.37
40,30,20,15,35,60.0,330.0,-160.0,1.65,2.06
40,30,20,20,65,53.85,440.0,-250.0,1.41,1.76
40,30,20,25,97,61.86,1230.0,-180.0,1.95,6.83
40,30,20,30,148,52.03,800.0,-300.0,1.33,2.67
40,30,20,35,182,52.75,1110.0,-420.0,1.39,2.64
40,30,30,15,35,60.0,420.0,-120.0,2.0,3.5
40,30,30,20,65,53.85,500.0,-160.0,1.56,3.12
40,30,30,25,97,61.86,1290.0,-150.0,2.16,8.6
40,30,30,30,148,52.03,950.0,-210.0,1.45,4.52
40,30,30,35,183,52.46,1230.0,-270.0,1.47,4.56
40,30,40,15,35,60.0,420.0,-120.0,2.0,3.5
40,30,40,20,65,53.85,500.0,-160.0,1.56,3.12
40,30,40,25,97,61.86,1290.0,-150.0,2.16,8.6
40,30,40,30,148,52.03,950.0,-210.0,1.45,4.52
40,30,40,35,183,52.46,1230.0,-270.0,1.47,4.56
40,30,50,15,35,60.0,420.0,-120.0,2.0,3.5
40,30,50,20,65,53.85,500.0,-160.0,1.56,3.12
40,30,50,25,97,61.86,1290.0,-150.0,2.16,8.6
40,30,50,30,148,52.03,950.0,-210.0,1.45,4.52
40,30,50,35,183,52.46,1230.0,-270.0,1.47,4.56
40,30,60,15,35,60.0,420.0,-120.0,2.0,3.5
40,30,60,20,65,53.85,500.0,-160.0,1.56,3.12
40,30,60,25,97,61.86,1290.0,-150.0,2.16,8.6
40,30,60,30,148,52.03,950.0,-210.0,1.45,4.52
40,30,60,35,183,52.46,1230.0,-270.0,1.47,4.56
40,40,20,15,34,64.71,400.0,-240.0,1.67,1.67
40,40,20,20,63,58.73,-40.0,-760.0,0.98,-0.05
40,40,20,25,93,65.59,800.0,-600.0,1.38,1.33
40,40,20,30,141,56.03,440.0,-920.0,1.12,0.48
40,40,20,35,169,57.99,720.0,-1000.0,1.18,0.72
40,40,30,15,34,61.76,320.0,-120.0,1.62,2.67
40,40,30,20,63,57.14,360.0,-240.0,1.33,1.5
40,40,30,25,93,63.44,1000.0,-200.0,1.74,5.0
40,40,30,30,139,54.68,520.0,-320.0,1.2,1.62
40,40,30,35,169,56.8,920.0,-400.0,1.3,2.3
40,40,40,15,34,61.76,320.0,-120.0,1.62,2.67
40,40,40,20,63,57.14,360.0,-240.0,1.33,1.5
40,40,40,25,93,63.44,1000.0,-200.0,1.74,5.0
40,40,40,30,139,54.68,520.0,-240.0,1.21,2.17
40,40,40,35,169,56.8,920.0,-320.0,1.32,2.88
40,40,50,15,34,61.76,320.0,-120.0,1.62,2.67
40,40,50,20,63,57.14,360.0,-240.0,1.33,1.5
40,40,50,25,93,63.44,1000.0,-200.0,1.74,5.0
40,40,50,30,139,54.68,520.0,-240.0,1.21,2.17
40,40,50,35,169,56.8,920.0,-320.0,1.32,2.88
40,40,60,15,34,61.76,320.0,-120.0,1.62,2.67
40,40,60,20,63,57.14,360.0,-240.0,1.33,1.5
40,40,60,25,93,63.44,1000.0,-200.0,1.74,5.0
40,40,60,30,139,54.68,520.0,-240.0,1.21,2.17
40,40,60,35,169,56.8,920.0,-320.0,1.32,2.88
40,50,20,15,33,72.73,450.0,-260.0,1.6,1.73
40,50,20,20,60,65.0,-210.0,-1000.0,0.91,-0.21
40,50,20,25,89,69.66,530.0,-780.0,1.21,0.68
40,50,20,30,131,60.31,-310.0,-1200.0,0.93,-0.26
40,50,20,35,156,62.18,60.0,-1290.0,1.01,0.05
40,50,30,15,33,66.67,180.0,-270.0,1.26,0.67
40,50,30,20,60,61.67,180.0,-300.0,1.14,0.6
40,50,30,25,89,66.29,710.0,-210.0,1.43,3.38
40,50,30,30,131,57.25,-430.0,-920.0,0.88,-0.47
40,50,30,35,157,59.87,-20.0,-690.0,0.99,-0.03
40,50,40,15,33,66.67,330.0,-150.0,1.6,2.2
40,50,40,20,60,61.67,180.0,-300.0,1.14,0.6
40,50,40,25,89,66.29,710.0,-210.0,1.43,3.38
40,50,40,30,131,57.25,-250.0,-630.0,0.92,-0.4
40,50,40,35,157,59.87,160.0,-500.0,1.04,0.32
40,50,50,15,33,66.67,330.0,-150.0,1.6,2.2
40,50,50,20,60,61.67,330.0,-300.0,1.29,1.1
40,50,50,25,89,66.29,860.0,-210.0,1.57,4.1
40,50,50,30,131,57.25,200.0,-410.0,1.07,0.49
40,50,50,35,157,59.87,610.0,-400.0,1.19,1.53
40,50,60,15,33,66.67,330.0,-150.0,1.6,2.2
40,50,60,20,60,61.67,330.0,-300.0,1.29,1.1
40,50,60,25,89,66.29,860.0,-210.0,1.57,4.1
40,50,60,30,131,57.25,200.0,-410.0,1.07,0.49
40,50,60,35,157,59.87,610.0,-400.0,1.19,1.53
40,60,20,15,33,81.82,1140.0,-240.0,3.11,4.75
40,60,20,20,60,70.0,180.0,-1280.0,1.08,0.14
40,60,20,25,89,73.03,500.0,-1060.0,1.16,0.47
40,60,20,30,128,64.84,20.0,-1320.0,1.0,0.02
40,60,20,35,152,65.79,280.0,-1460.0,1.05,0.19
40,60,30,15,33,75.76,700.0,-240.0,2.06,2.92
40,60,30,20,60,68.33,740.0,-320.0,1.49,2.31
40,60,30,25,89,70.79,1020.0,-360.0,1.49,2.83
40,60,30,30,128,61.72,-80.0,-780.0,0.98,-0.1
40,60,30,35,154,63.64,260.0,-700.0,1.06,0.37
40,60,40,15,33,75.76,760.0,-180.0,2.58,4.22
40,60,40,20,60,68.33,500.0,-340.0,1.33,1.47
40,60,40,25,89,70.79,960.0,-260.0,1.5,3.69
40,60,40,30,127,60.63,-580.0,-940.0,0.85,-0.62
40,60,40,35,153,62.75,-240.0,-860.0,0.94,-0.28
40,60,50,15,31,74.19,440.0,-180.0,1.92,2.44
40,60,50,20,57,64.91,100.0,-560.0,1.07,0.18
40,60,50,25,86,68.6,560.0,-420.0,1.31,1.33
40,60,50,30,125,59.2,-460.0,-760.0,0.87,-0.61
40,60,50,35,151,61.59,-120.0,-780.0,0.97,-0.15
40,60,60,15,31,74.19,440.0,-180.0,1.92,2.44
40,60,60,20,57,64.91,280.0,-380.0,1.23,0.74
40,60,60,25,86,68.6,740.0,-240.0,1.46,3.08
40,60,60,30,125,59.2,-100.0,-580.0,0.97,-0.17
40,60,60,35,151,61.59,240.0,-600.0,1.07,0.4
40,70,20,15,33,81.82,840.0,-420.0,2.0,2.0
40,70,20,20,60,76.67,1360.0,-1000.0,1.61,1.36
40,70,20,25,89,78.65,2110.0,-770.0,1.7,2.74
40,70,20,30,125,71.2,660.0,-1800.0,1.1,0.37
40,70,20,35,148,71.62,920.0,-1830.0,1.14,0.5
40,70,30,15,32,78.12,450.0,-420.0,1.49,1.07
40,70,30,20,59,74.58,1160.0,-750.0,1.69,1.55
40,70,30,25,88,76.14,1360.0,-780.0,1.54,1.74
40,70,30,30,123,67.48,-320.0,-1690.0,0.94,-0.19
40,70,30,35,148,68.92,20.0,-1650.0,1.0,0.01
40,70,40,15,32,78.12,750.0,-210.0,2.53,3.57
40,70,40,20,59,74.58,1220.0,-450.0,1.97,2.71
40,70,40,25,88,76.14,1630.0,-510.0,1.86,3.2
40,70,40,30,122,66.39,-590.0,-1590.0,0.87,-0.37
40,70,40,35,147,68.03,-250.0,-1550.0,0.95,-0.16
40,70,50,15,30,76.67,430.0,-210.0,1.88,2.05
40,70,50,20,56,69.64,160.0,-680.0,1.11,0.24
40,70,50,25,85,72.94,570.0,-710.0,1.28,0.8
40,70,50,30,120,64.17,-860.0,-1170.0,0.79,-0.74
40,70,50,35,145,66.21,-520.0,-1130.0,0.88,-0.46
40,70,60,15,30,76.67,430.0,-210.0,1.88,2.05
40,70,60,20,56,69.64,370.0,-470.0,1.31,0.79
40,70,60,25,85,72.94,870.0,-340.0,1.54,2.56
40,70,60,30,120,64.17,-350.0,-750.0,0.9,-0.47
40,70,60,35,145,66.21,-10.0,-720.0,1.0,-0.01
40,80,20,15,33,81.82,240.0,-1000.0,1.17,0.24
40,80,20,20,60,78.33,-200.0,-2440.0,0.95,-0.08
40,80,20,25,88,80.68,880.0,-1840.0,1.19,0.48
40,80,20,30,121,76.86,-360.0,-3040.0,0.96,-0.12
40,80,20,35,142,77.46,320.0,-2840.0,1.04,0.11
40,80,30,15,32,81.25,80.0,-1000.0,1.06,0.08
40,80,30,20,59,77.97,320.0,-1760.0,1.11,0.18
40,80,30,25,87,79.31,720.0,-1640.0,1.2,0.44
40,80,30,30,118,73.73,-1320.0,-3000.0,0.82,-0.44
40,80,30,35,140,75.0,-600.0,-2760.0,0.92,-0.22
40,80,40,15,31,80.65,280.0,-720.0,1.29,0.39
40,80,40,20,58,77.59,760.0,-1200.0,1.38,0.63
40,80,40,25,86,79.07,1160.0,-1160.0,1.44,1.0
40,80,40,30,117,71.79,-840.0,-2240.0,0.85,-0.37
40,80,40,35,139,73.38,-560.0,-2280.0,0.91,-0.25
40,80,50,15,29,79.31,-40.0,-720.0,0.96,-0.06
40,80,50,20,55,72.73,-80.0,-920.0,0.96,-0.09
40,80,50,25,83,75.9,320.0,-800.0,1.13,0.4
40,80,50,30,116,68.97,-1360.0,-1600.0,0.74,-0.85
40,80,50,35,139,71.22,-1040.0,-1760.0,0.82,-0.59
40,80,60,15,29,79.31,440.0,-240.0,1.92,1.83
40,80,60,20,55,72.73,520.0,-440.0,1.43,1.18
40,80,60,25,83,75.9,1040.0,-360.0,1.65,2.89
40,80,60,30,115,68.7,-320.0,-920.0,0.92,-0.35
40,80,60,35,139,70.5,160.0,-920.0,1.04,0.17
40,100,20,15,33,90.91,1200.0,-1100.0,2.0,1.09
40,100,20,20,58,87.93,500.0,-2680.0,1.11,0.19
40,100,20,25,85,88.24,1240.0,-1940.0,1.22,0.64
40,100,20,30,115,84.35,-1480.0,-2940.0,0.87,-0.5
40,100,20,35,134,85.82,340.0,-2260.0,1.03,0.15
40,100,30,15,32,90.62,1040.0,-1100.0,1.87,0.95
40,100,30,20,58,86.21,1280.0,-1340.0,1.4,0.96
40,100,30,25,85,87.06,2000.0,-1260.0,1.53,1.59
40,100,30,30,114,82.46,-700.0,-1760.0,0.92,-0.4
40,100,30,35,134,84.33,1280.0,-1600.0,1.14,0.8
40,100,40,15,31,83.87,-600.0,-1240.0,0.7,-0.48
40,100,40,20,57,84.21,180.0,-1400.0,1.05,0.13
40,100,40,25,83,86.75,1300.0,-1300.0,1.37,1.0
40,100,40,30,111,81.08,-1620.0,-2160.0,0.8,-0.75
40,100,40,35,131,82.44,-1100.0,-1980.0,0.88,-0.56
40,100,50,15,29,82.76,-920.0,-1400.0,0.54,-0.66
40,100,50,20,54,81.48,-500.0,-1500.0,0.84,-0.33
40,100,50,25,80,85.0,620.0,-1400.0,1.19,0.44
40,100,50,30,111,78.38,-2100.0,-2180.0,0.72,-0.96
40,100,50,35,133,79.7,-1880.0,-2200.0,0.78,-0.85
40,100,60,15,29,82.76,280.0,-400.0,1.35,0.7
40,100,60,20,53,81.13,720.0,-500.0,1.45,1.44
40,100,60,25,78,84.62,840.0,-920.0,1.35,0.91
40,100,60,30,109,78.9,-840.0,-1480.0,0.85,-0.57
40,100,60,35,132,79.55,-840.0,-1800.0,0.87,-0.47
50,30,20,15,35,57.14,460.0,-150.0,1.85,3.07
50,30,20,20,61,47.54,460.0,-250.0,1.4,1.84
50,30,20,25,86,53.49,980.0,-230.0,1.67,4.26
50,30,20,30,133,44.36,520.0,-370.0,1.2,1.41
50,30,20,35,164,46.95,1030.0,-460.0,1.35,2.24
50,30,30,15,35,57.14,550.0,-120.0,2.22,4.58
50,30,30,20,61,47.54,490.0,-160.0,1.51,3.06
50,30,30,25,86,53.49,1100.0,-150.0,1.92,7.33
50,30,30,30,133,44.36,730.0,-220.0,1.33,3.32
50,30,30,35,165,46.67,1210.0,-310.0,1.46,3.9
50,30,40,15,35,57.14,550.0,-120.0,2.22,4.58
50,30,40,20,61,47.54,490.0,-160.0,1.51,3.06
50,30,40,25,86,53.49,1100.0,-150.0,1.92,7.33
50,30,40,30,133,44.36,730.0,-220.0,1.33,3.32
50,30,40,35,165,46.67,1210.0,-310.0,1.46,3.9
50,30,50,15,35,57.14,550.0,-120.0,2.22,4.58
50,30,50,20,61,47.54,490.0,-160.0,1.51,3.06
50,30,50,25,86,53.49,1100.0,-150.0,1.92,7.33
50,30,50,30,133,44.36,730.0,-220.0,1.33,3.32
50,30,50,35,165,46.67,1210.0,-310.0,1.46,3.9
50,30,60,15,35,57.14,550.0,-120.0,2.22,4.58
50,30,60,20,61,47.54,490.0,-160.0,1.51,3.06
50,30,60,25,86,53.49,1100.0,-150.0,1.92,7.33
50,30,60,30,133,44.36,730.0,-220.0,1.33,3.32
50,30,60,35,165,46.67,1210.0,-310.0,1.46,3.9
50,40,20,15,34,61.76,440.0,-310.0,1.58,1.42
50,40,20,20,58,55.17,170.0,-680.0,1.09,0.25
50,40,20,25,82,60.98,980.0,-670.0,1.46,1.46
50,40,20,30,125,52.0,1120.0,-920.0,1.32,1.22
50,40,20,35,150,54.67,1500.0,-960.0,1.39,1.56
50,40,30,15,34,58.82,440.0,-120.0,1.79,3.67
50,40,30,20,57,52.63,420.0,-200.0,1.39,2.1
50,40,30,25,81,58.02,990.0,-200.0,1.73,4.95
50,40,30,30,123,48.78,510.0,-320.0,1.19,1.59
50,40,30,35,149,52.35,1090.0,-360.0,1.37,3.03
50,40,40,15,34,58.82,440.0,-120.0,1.79,3.67
50,40,40,20,57,52.63,420.0,-200.0,1.39,2.1
50,40,40,25,81,58.02,990.0,-200.0,1.73,4.95
50,40,40,30,122,48.36,430.0,-280.0,1.17,1.54
50,40,40,35,148,52.03,1010.0,-320.0,1.36,3.16
50,40,50,15,34,58.82,440.0,-120.0,1.79,3.67
50,40,50,20,57,52.63,420.0,-200.0,1.39,2.1
50,40,50,25,81,58.02,990.0,-200.0,1.73,4.95
50,40,50,30,122,48.36,430.0,-280.0,1.17,1.54
50,40,50,35,148,52.03,1010.0,-320.0,1.36,3.16
50,40,60,15,34,58.82,440.0,-120.0,1.79,3.67
50,40,60,20,57,52.63,420.0,-200.0,1.39,2.1
50,40,60,25,81,58.02,990.0,-200.0,1.73,4.95
50,40,60,30,122,48.36,430.0,-280.0,1.17,1.54
50,40,60,35,148,52.03,1010.0,-320.0,1.36,3.16
50,50,20,15,32,68.75,300.0,-450.0,1.27,0.67
50,50,20,20,54,61.11,-150.0,-900.0,0.94,-0.17
50,50,20,25,78,64.1,500.0,-1000.0,1.18,0.5
50,50,20,30,120,55.0,-300.0,-1500.0,0.94,-0.2
50,50,20,35,143,58.04,250.0,-1550.0,1.05,0.16
50,50,30,15,33,63.64,300.0,-250.0,1.4,1.2
50,50,30,20,54,57.41,250.0,-250.0,1.19,1.0
50,50,30,25,78,60.26,800.0,-250.0,1.52,3.2
50,50,30,30,118,50.85,-200.0,-650.0,0.94,-0.31
50,50,30,35,142,54.93,400.0,-500.0,1.11,0.8
50,50,40,15,33,63.64,450.0,-150.0,1.75,3.0
50,50,40,20,54,57.41,250.0,-250.0,1.19,1.0
50,50,40,25,78,60.26,800.0,-250.0,1.52,3.2
50,50,40,30,117,50.43,-250.0,-600.0,0.92,-0.42
50,50,40,35,141,54.61,350.0,-500.0,1.1,0.7
50,50,50,15,33,63.64,450.0,-150.0,1.75,3.0
50,50,50,20,54,57.41,400.0,-250.0,1.35,1.6
50,50,50,25,78,60.26,800.0,-250.0,1.52,3.2
50,50,50,30,117,50.43,50.0,-350.0,1.02,0.14
50,50,50,35,141,54.61,650.0,-400.0,1.2,1.62
50,50,60,15,33,63.64,450.0,-150.0,1.75,3.0
50,50,60,20,54,57.41,400.0,-250.0,1.35,1.6
50,50,60,25,78,60.26,800.0,-250.0,1.52,3.2
50,50,60,30,117,50.43,50.0,-350.0,1.02,0.14
50,50,60,35,141,54.61,650.0,-400.0,1.2,1.62
50,60,20,15,32,78.12,1040.0,-420.0,2.08,2.48
50,60,20,20,54,66.67,330.0,-1180.0,1.13,0.28
50,60,20,25,77,70.13,1380.0,-980.0,1.49,1.41
50,60,20,30,115,60.0,210.0,-1840.0,1.04,0.11
50,60,20,35,137,62.04,650.0,-1870.0,1.11,0.35
50,60,30,15,32,75.0,960.0,-240.0,2.14,4.0
50,60,30,20,53,66.04,1030.0,-440.0,1.64,2.34
50,60,30,25,77,66.23,1350.0,-370.0,1.64,3.65
50,60,30,30,114,57.02,400.0,-580.0,1.1,0.69
50,60,30,35,138,60.14,940.0,-510.0,1.21,1.84
50,60,40,15,32,75.0,990.0,-240.0,2.5,4.13
50,60,40,20,53,66.04,730.0,-440.0,1.45,1.66
50,60,40,25,77,66.23,1230.0,-310.0,1.64,3.97
50,60,40,30,111,56.76,-30.0,-560.0,0.99,-0.05
50,60,40,35,135,60.0,510.0,-510.0,1.12,1.0
50,60,50,15,31,70.97,380.0,-240.0,1.53,1.58
50,60,50,20,52,61.54,40.0,-520.0,1.03,0.08
50,60,50,25,76,63.16,360.0,-500.0,1.18,0.72
50,60,50,30,111,53.15,-710.0,-830.0,0.81,-0.86
50,60,50,35,135,57.04,-170.0,-700.0,0.96,-0.24
50,60,60,15,31,70.97,560.0,-180.0,2.04,3.11
50,60,60,20,52,61.54,400.0,-340.0,1.33,1.18
50,60,60,25,76,63.16,720.0,-320.0,1.43,2.25
50,60,60,30,111,53.15,-170.0,-470.0,0.95,-0.36
50,60,60,35,135,57.04,370.0,-520.0,1.11,0.71
50,70,20,15,32,78.12,670.0,-490.0,1.5,1.37
50,70,20,20,54,74.07,1750.0,-900.0,1.71,1.94
50,70,20,25,77,75.32,2790.0,-720.0,1.93,3.88
50,70,20,30,112,66.96,1110.0,-1210.0,1.16,0.92
50,70,20,35,133,68.42,1560.0,-1160.0,1.21,1.34
50,70,30,15,32,75.0,610.0,-420.0,1.51,1.45
50,70,30,20,53,71.7,1510.0,-640.0,1.8,2.36
50,70,30,25,77,70.13,1180.0,-640.0,1.41,1.84
50,70,30,30,111,62.16,-270.0,-1510.0,0.95,-0.18
50,70,30,35,134,64.93,280.0,-1370.0,1.05,0.2
50,70,40,15,32,75.0,880.0,-280.0,2.14,3.14
50,70,40,20,53,71.7,1480.0,-370.0,2.01,4.0
50,70,40,25,77,70.13,1510.0,-420.0,1.67,3.6
50,70,40,30,108,62.04,-360.0,-1240.0,0.92,-0.29
50,70,40,35,131,64.89,190.0,-1100.0,1.04,0.17
50,70,50,15,30,73.33,330.0,-280.0,1.43,1.18
50,70,50,20,51,66.67,90.0,-640.0,1.06,0.14
50,70,50,25,75,68.0,390.0,-640.0,1.17,0.61
50,70,50,30,107,58.88,-1040.0,-1250.0,0.76,-0.83
50,70,50,35,130,62.31,-490.0,-950.0,0.9,-0.52
50,70,60,15,30,73.33,540.0,-210.0,1.96,2.57
50,70,60,20,51,66.67,510.0,-430.0,1.43,1.19
50,70,60,25,75,68.0,870.0,-390.0,1.52,2.23
50,70,60,30,107,58.88,-350.0,-670.0,0.9,-0.52
50,70,60,35,130,62.31,200.0,-600.0,1.05,0.33
50,80,20,15,32,78.12,-0.0,-960.0,1.0,-0.0
50,80,20,20,54,75.93,230.0,-2150.0,1.05,0.11
50,80,20,25,76,77.63,1660.0,-1610.0,1.36,1.03
50,80,20,30,108,73.15,130.0,-2280.0,1.01,0.06
50,80,20,35,128,74.22,1000.0,-2280.0,1.1,0.44
50,80,30,15,32,78.12,240.0,-960.0,1.14,0.25
50,80,30,20,53,75.47,750.0,-1640.0,1.23,0.46
50,80,30,25,75,73.33,10.0,-2030.0,1.0,0.0
50,80,30,30,106,68.87,-1580.0,-3200.0,0.8,-0.49
50,80,30,35,127,70.87,-660.0,-3140.0,0.92,-0.21
50,80,40,15,31,77.42,370.0,-720.0,1.29,0.51
50,80,40,20,52,75.0,1060.0,-1160.0,1.47,0.91
50,80,40,25,74,74.32,1140.0,-990.0,1.39,1.15
50,80,40,30,103,66.99,-830.0,-2170.0,0.86,-0.38
50,80,40,35,124,69.35,90.0,-2080.0,1.01,0.04
50,80,50,15,29,75.86,-180.0,-720.0,0.86,-0.25
50,80,50,20,50,70.0,-110.0,-810.0,0.95,-0.14
50,80,50,25,72,73.61,530.0,-540.0,1.19,0.98
50,80,50,30,102,64.71,-1470.0,-1930.0,0.73,-0.76
50,80,50,35,124,67.74,-500.0,-1450.0,0.91,-0.34
50,80,60,15,29,75.86,540.0,-240.0,1.96,2.25
50,80,60,20,50,70.0,700.0,-430.0,1.58,1.63
50,80,60,25,72,73.61,1430.0,-240.0,1.94,5.96
50,80,60,30,102,64.71,-90.0,-950.0,0.98,-0.09
50,80,60,35,124,67.74,640.0,-740.0,1.15,0.86
50,100,20,15,30,86.67,400.0,-1200.0,1.17,0.33
50,100,20,20,51,84.31,-100.0,-2200.0,0.98,-0.05
50,100,20,25,73,84.93,1550.0,-1400.0,1.25,1.11
50,100,20,30,101,80.2,-1700.0,-3250.0,0.88,-0.52
50,100,20,35,121,82.64,300.0,-3200.0,1.02,0.09
50,100,30,15,30,86.67,900.0,-1100.0,1.47,0.82
50,100,30,20,51,84.31,1600.0,-1300.0,1.42,1.23
50,100,30,25,72,84.72,2200.0,-1200.0,1.5,1.83
50,100,30,30,99,79.8,100.0,-2250.0,1.01,0.04
50,100,30,35,121,81.82,1400.0,-2150.0,1.13,0.65
50,100,40,15,30,80.0,-900.0,-1250.0,0.67,-0.72
50,100,40,20,50,82.0,250.0,-1300.0,1.06,0.19
50,100,40,25,70,84.29,1400.0,-1200.0,1.34,1.17
50,100,40,30,91,76.92,-1900.0,-2700.0,0.78,-0.7
50,100,40,35,113,79.65,-350.0,-1700.0,0.96,-0.21
50,100,50,15,28,82.14,-400.0,-1250.0,0.8,-0.32
50,100,50,20,48,81.25,300.0,-1350.0,1.1,0.22
50,100,50,25,68,83.82,1450.0,-1250.0,1.45,1.16
50,100,50,30,92,75.0,-1550.0,-1900.0,0.79,-0.82
50,100,50,35,115,76.52,-1600.0,-2000.0,0.81,-0.8
50,100,60,15,29,79.31,400.0,-400.0,1.44,1.0
50,100,60,20,48,79.17,1050.0,-500.0,1.66,2.1
50,100,60,25,67,82.09,1100.0,-800.0,1.46,1.38
50,100,60,30,93,74.19,-900.0,-1550.0,0.84,-0.58
50,100,60,35,114,76.32,-600.0,-1650.0,0.91,-0.36
60,30,20,15,35,51.43,480.0,-210.0,1.8,2.29
60,30,20,20,60,43.33,540.0,-300.0,1.45,1.8
60,30,20,25,83,48.19,1020.0,-240.0,1.65,4.25
60,30,20,30,126,40.48,540.0,-420.0,1.2,1.29
60,30,20,35,156,42.95,1080.0,-480.0,1.35,2.25
60,30,30,15,35,51.43,570.0,-120.0,2.12,4.75
60,30,30,20,60,43.33,540.0,-210.0,1.53,2.57
60,30,30,25,83,48.19,1110.0,-150.0,1.86,7.4
60,30,30,30,126,40.48,810.0,-210.0,1.36,3.86
60,30,30,35,157,42.68,1320.0,-300.0,1.49,4.4
60,30,40,15,35,51.43,570.0,-120.0,2.12,4.75
60,30,40,20,60,43.33,540.0,-210.0,1.53,2.57
60,30,40,25,83,48.19,1110.0,-150.0,1.86,7.4
60,30,40,30,126,40.48,810.0,-210.0,1.36,3.86
60,30,40,35,157,42.68,1320.0,-300.0,1.49,4.4
60,30,50,15,35,51.43,570.0,-120.0,2.12,4.75
60,30,50,20,60,43.33,540.0,-210.0,1.53,2.57
60,30,50,25,83,48.19,1110.0,-150.0,1.86,7.4
60,30,50,30,126,40.48,810.0,-210.0,1.36,3.86
60,30,50,35,157,42.68,1320.0,-300.0,1.49,4.4
60,30,60,15,35,51.43,570.0,-120.0,2.12,4.75
60,30,60,20,60,43.33,540.0,-210.0,1.53,2.57
60,30,60,25,83,48.19,1110.0,-150.0,1.86,7.4
60,30,60,30,126,40.48,810.0,-210.0,1.36,3.86
60,30,60,35,157,42.68,1320.0,-300.0,1.49,4.4
60,40,20,15,34,55.88,480.0,-360.0,1.57,1.33
60,40,20,20,56,50.0,260.0,-740.0,1.13,0.35
60,40,20,25,77,53.25,600.0,-700.0,1.25,0.86
60,40,20,30,116,45.69,780.0,-1040.0,1.2,0.75
60,40,20,35,139,49.64,1280.0,-1080.0,1.31,1.19
60,40,30,15,34,52.94,440.0,-180.0,1.69,2.44
60,40,30,20,56,48.21,460.0,-260.0,1.4,1.77
60,40,30,25,77,51.95,920.0,-220.0,1.62,4.18
60,40,30,30,117,43.59,480.0,-440.0,1.17,1.09
60,40,30,35,140,48.57,1260.0,-480.0,1.42,2.62
60,40,40,15,34,52.94,440.0,-180.0,1.69,2.44
60,40,40,20,56,48.21,460.0,-260.0,1.4,1.77
60,40,40,25,77,51.95,920.0,-220.0,1.62,4.18
60,40,40,30,116,43.1,360.0,-320.0,1.14,1.12
60,40,40,35,139,48.2,1140.0,-360.0,1.4,3.17
60,40,50,15,34,52.94,440.0,-180.0,1.69,2.44
60,40,50,20,56,48.21,460.0,-260.0,1.4,1.77
60,40,50,25,77,51.95,920.0,-220.0,1.62,4.18
60,40,50,30,116,43.1,360.0,-320.0,1.14,1.12
60,40,50,35,139,48.2,1140.0,-360.0,1.4,3.17
60,40,60,15,34,52.94,440.0,-180.0,1.69,2.44
60,40,60,20,56,48.21,460.0,-260.0,1.4,1.77
60,40,60,25,77,51.95,920.0,-220.0,1.62,4.18
60,40,60,30,116,43.1,360.0,-320.0,1.14,1.12
60,40,60,35,139,48.2,1140.0,-360.0,1.4,3.17
60,50,20,15,32,62.5,360.0,-450.0,1.3,0.8
60,50,20,20,52,55.77,-40.0,-920.0,0.98,-0.04
60,50,20,25,73,57.53,700.0,-1040.0,1.24,0.67
60,50,20,30,109,49.54,-80.0,-1690.0,0.98,-0.05
60,50,20,35,130,53.85,630.0,-1650.0,1.11,0.38
60,50,30,15,33,57.58,290.0,-250.0,1.34,1.16
60,50,30,20,53,52.83,280.0,-320.0,1.2,0.87
60,50,30,25,74,54.05,700.0,-290.0,1.41,2.41
60,50,30,30,111,45.95,-210.0,-810.0,0.94,-0.26
60,50,30,35,132,51.52,610.0,-600.0,1.17,1.02
60,50,40,15,33,57.58,440.0,-190.0,1.63,2.32
60,50,40,20,53,52.83,280.0,-320.0,1.2,0.87
60,50,40,25,74,54.05,700.0,-290.0,1.41,2.41
60,50,40,30,110,45.45,-300.0,-660.0,0.91,-0.45
60,50,40,35,131,51.15,520.0,-500.0,1.15,1.04
60,50,50,15,33,57.58,440.0,-190.0,1.63,2.32
60,50,50,20,53,52.83,430.0,-320.0,1.34,1.34
60,50,50,25,74,54.05,700.0,-290.0,1.41,2.41
60,50,50,30,110,45.45,-0.0,-550.0,1.0,-0.0
60,50,50,35,131,51.15,820.0,-450.0,1.26,1.82
60,50,60,15,33,57.58,440.0,-190.0,1.63,2.32
60,50,60,20,53,52.83,430.0,-320.0,1.34,1.34
60,50,60,25,74,54.05,700.0,-290.0,1.41,2.41
60,50,60,30,110,45.45,-0.0,-550.0,1.0,-0.0
60,50,60,35,131,51.15,820.0,-450.0,1.26,1.82
60,60,20,15,29,75.86,900.0,-420.0,1.79,2.14
60,60,20,20,49,63.27,240.0,-1140.0,1.09,0.21
60,60,20,25,68,64.71,1380.0,-960.0,1.45,1.44
60,60,20,30,100,55.0,240.0,-2160.0,1.04,0.11
60,60,20,35,121,58.68,900.0,-2100.0,1.14,0.43
60,60,30,15,30,73.33,1200.0,-240.0,2.43,5.0
60,60,30,20,50,64.0,1380.0,-420.0,1.85,3.29
60,60,30,25,70,61.43,1500.0,-360.0,1.69,4.17
60,60,30,30,104,51.92,420.0,-780.0,1.1,0.54
60,60,30,35,125,56.8,1200.0,-540.0,1.27,2.22
60,60,40,15,30,73.33,1200.0,-240.0,2.82,5.0
60,60,40,20,49,65.31,1080.0,-420.0,1.69,2.57
60,60,40,25,69,62.32,1380.0,-300.0,1.72,4.6
60,60,40,30,100,53.0,180.0,-720.0,1.05,0.25
60,60,40,35,121,57.85,960.0,-480.0,1.24,2.0
60,60,50,15,30,70.0,540.0,-240.0,1.75,2.25
60,60,50,20,50,60.0,240.0,-540.0,1.15,0.44
60,60,50,25,70,58.57,360.0,-480.0,1.17,0.75
60,60,50,30,102,49.02,-660.0,-900.0,0.82,-0.73
60,60,50,35,123,54.47,120.0,-720.0,1.03,0.17
60,60,60,15,30,70.0,720.0,-180.0,2.33,4.0
60,60,60,20,50,60.0,600.0,-360.0,1.5,1.67
60,60,60,25,70,58.57,720.0,-300.0,1.41,2.4
60,60,60,30,102,49.02,-120.0,-720.0,0.96,-0.17
60,60,60,35,123,54.47,660.0,-540.0,1.2,1.22
60,70,20,15,29,75.86,290.0,-560.0,1.17,0.52
60,70,20,20,49,71.43,1900.0,-650.0,1.71,2.92
60,70,20,25,67,71.64,3140.0,-790.0,1.98,3.97
60,70,20,30,97,62.89,1360.0,-1410.0,1.18,0.96
60,70,20,35,118,65.25,1970.0,-1350.0,1.24,1.46
60,70,30,15,30,73.33,850.0,-420.0,1.71,2.02
60,70,30,20,50,70.0,2220.0,-420.0,2.32,5.29
60,70,30,25,70,65.71,1440.0,-640.0,1.49,2.25
60,70,30,30,100,58.0,390.0,-1260.0,1.07,0.31
60,70,30,35,120,62.5,990.0,-980.0,1.17,1.01
60,70,40,15,30,73.33,1090.0,-280.0,2.42,3.89
60,70,40,20,48,70.83,1900.0,-380.0,2.36,5.0
60,70,40,25,69,66.67,1570.0,-540.0,1.64,2.91
60,70,40,30,96,58.33,-70.0,-1280.0,0.99,-0.05
60,70,40,35,116,62.93,530.0,-1000.0,1.1,0.53
60,70,50,15,29,72.41,490.0,-280.0,1.64,1.75
60,70,50,20,49,65.31,310.0,-660.0,1.19,0.47
60,70,50,25,69,63.77,230.0,-920.0,1.09,0.25
60,70,50,30,97,54.64,-980.0,-1310.0,0.77,-0.75
60,70,50,35,115,59.13,-500.0,-1030.0,0.89,-0.49
60,70,60,15,29,72.41,700.0,-210.0,2.25,3.33
60,70,60,20,49,65.31,730.0,-450.0,1.61,1.62
60,70,60,25,69,63.77,890.0,-420.0,1.51,2.12
60,70,60,30,97,54.64,-320.0,-890.0,0.91,-0.36
60,70,60,35,115,59.13,160.0,-700.0,1.04,0.23
60,80,20,15,29,75.86,-440.0,-960.0,0.82,-0.46
60,80,20,20,49,73.47,420.0,-1780.0,1.09,0.24
60,80,20,25,66,74.24,2080.0,-1720.0,1.43,1.21
60,80,20,30,91,70.33,1780.0,-1560.0,1.2,1.14
60,80,20,35,111,72.07,2840.0,-1560.0,1.32,1.82
60,80,30,15,29,75.86,-200.0,-960.0,0.91,-0.21
60,80,30,20,49,73.47,880.0,-1420.0,1.26,0.62
60,80,30,25,65,69.23,-800.0,-2680.0,0.84,-0.3
60,80,30,30,92,65.22,-860.0,-2560.0,0.89,-0.34
60,80,30,35,112,68.75,340.0,-2360.0,1.05,0.14
60,80,40,15,29,75.86,580.0,-720.0,1.45,0.81
60,80,40,20,47,72.34,1060.0,-1180.0,1.47,0.9
60,80,40,25,65,69.23,680.0,-1180.0,1.21,0.58
60,80,40,30,91,62.64,-620.0,-1840.0,0.89,-0.34
60,80,40,35,111,66.67,580.0,-1560.0,1.1,0.37
60,80,50,15,28,75.0,-20.0,-720.0,0.98,-0.03
60,80,50,20,48,68.75,180.0,-760.0,1.08,0.24
60,80,50,25,64,70.31,460.0,-560.0,1.16,0.82
60,80,50,30,91,61.54,-940.0,-1200.0,0.82,-0.78
60,80,50,35,110,65.45,200.0,-920.0,1.04,0.22
60,80,60,15,28,75.0,700.0,-240.0,2.25,2.92
60,80,60,20,48,68.75,960.0,-420.0,1.8,2.29
60,80,60,25,64,70.31,1540.0,-240.0,2.01,6.42
60,80,60,30,91,61.54,140.0,-760.0,1.04,0.18
60,80,60,35,110,65.45,1040.0,-660.0,1.26,1.58
60,100,20,15,27,85.19,-500.0,-2040.0,0.86,-0.25
60,100,20,20,47,82.98,-640.0,-1960.0,0.91,-0.33
60,100,20,25,64,82.81,780.0,-2140.0,1.1,0.36
60,100,20,30,85,77.65,-1820.0,-3780.0,0.87,-0.48
60,100,20,35,103,79.61,-1320.0,-3540.0,0.91,-0.37
60,100,30,15,27,85.19,-0.0,-1540.0,1.0,-0.0
60,100,30,20,48,83.33,1040.0,-1420.0,1.21,0.73
60,100,30,25,63,82.54,720.0,-1600.0,1.11,0.45
60,100,30,30,84,77.38,-340.0,-2960.0,0.97,-0.11
60,100,30,35,106,80.19,700.0,-2280.0,1.06,0.31
60,100,40,15,28,78.57,-660.0,-1200.0,0.76,-0.55
60,100,40,20,46,82.61,820.0,-1260.0,1.22,0.65
60,100,40,25,62,82.26,1240.0,-1240.0,1.26,1.0
60,100,40,30,80,76.25,-400.0,-2440.0,0.95,-0.16
60,100,40,35,101,79.21,780.0,-1740.0,1.09,0.45
60,100,50,15,27,77.78,-1260.0,-1620.0,0.53,-0.78
60,100,50,20,47,80.85,120.0,-1100.0,1.03,0.11
60,100,50,25,61,81.97,580.0,-1140.0,1.13,0.51
60,100,50,30,82,73.17,-1780.0,-2460.0,0.77,-0.72
60,100,50,35,103,76.7,-300.0,-1840.0,0.96,-0.16
60,100,60,15,28,78.57,600.0,-400.0,1.67,1.5
60,100,60,20,47,80.85,1860.0,-500.0,2.24,3.72
60,100,60,25,60,81.67,1720.0,-800.0,1.75,2.15
60,100,60,30,84,73.81,-280.0,-1640.0,0.95,-0.17
60,100,60,35,101,76.24,180.0,-1660.0,1.03,0.11
70,30,20,15,35,51.43,660.0,-200.0,2.1,3.3
70,30,20,20,60,38.33,530.0,-270.0,1.41,1.96
70,30,20,25,82,43.9,1080.0,-250.0,1.65,4.32
70,30,20,30,121,37.19,630.0,-400.0,1.23,1.57
70,30,20,35,147,38.78,1050.0,-440.0,1.33,2.39
70,30,30,15,35,51.43,750.0,-120.0,2.47,6.25
70,30,30,20,60,38.33,500.0,-200.0,1.45,2.5
70,30,30,25,82,43.9,1140.0,-230.0,1.83,4.96
70,30,30,30,121,37.19,870.0,-250.0,1.38,3.48
70,30,30,35,148,38.51,1260.0,-260.0,1.46,4.85
70,30,40,15,35,51.43,750.0,-120.0,2.47,6.25
70,30,40,20,60,38.33,500.0,-200.0,1.45,2.5
70,30,40,25,82,43.9,1140.0,-230.0,1.83,4.96
70,30,40,30,121,37.19,870.0,-250.0,1.38,3.48
70,30,40,35,148,38.51,1260.0,-260.0,1.46,4.85
70,30,50,15,35,51.43,750.0,-120.0,2.47,6.25
70,30,50,20,60,38.33,500.0,-200.0,1.45,2.5
70,30,50,25,82,43.9,1140.0,-230.0,1.83,4.96
70,30,50,30,121,37.19,870.0,-250.0,1.38,3.48
70,30,50,35,148,38.51,1260.0,-260.0,1.46,4.85
70,30,60,15,35,51.43,750.0,-120.0,2.47,6.25
70,30,60,20,60,38.33,500.0,-200.0,1.45,2.5
70,30,60,25,82,43.9,1140.0,-230.0,1.83,4.96
70,30,60,30,121,37.19,870.0,-250.0,1.38,3.48
70,30,60,35,148,38.51,1260.0,-260.0,1.46,4.85
70,40,20,15,34,55.88,700.0,-320.0,1.83,2.19
70,40,20,20,56,44.64,300.0,-720.0,1.14,0.42
70,40,20,25,76,48.68,700.0,-690.0,1.28,1.01
70,40,20,30,109,42.2,1060.0,-980.0,1.28,1.08
70,40,20,35,129,45.74,1480.0,-1020.0,1.36,1.45
70,40,30,15,34,52.94,620.0,-170.0,1.97,3.65
70,40,30,20,56,42.86,400.0,-250.0,1.31,1.6
70,40,30,25,76,47.37,920.0,-290.0,1.57,3.17
70,40,30,30,110,40.0,530.0,-380.0,1.19,1.39
70,40,30,35,130,44.62,1270.0,-420.0,1.42,3.02
70,40,40,15,34,52.94,620.0,-170.0,1.97,3.65
70,40,40,20,56,42.86,400.0,-250.0,1.31,1.6
70,40,40,25,76,47.37,920.0,-290.0,1.57,3.17
70,40,40,30,111,39.64,400.0,-340.0,1.15,1.18
70,40,40,35,131,44.27,1140.0,-300.0,1.39,3.8
70,40,50,15,34,52.94,620.0,-170.0,1.97,3.65
70,40,50,20,56,42.86,400.0,-250.0,1.31,1.6
70,40,50,25,76,47.37,920.0,-290.0,1.57,3.17
70,40,50,30,111,39.64,400.0,-340.0,1.15,1.18
70,40,50,35,131,44.27,1140.0,-300.0,1.39,3.8
70,40,60,15,34,52.94,620.0,-170.0,1.97,3.65
70,40,60,20,56,42.86,400.0,-250.0,1.31,1.6
70,40,60,25,76,47.37,920.0,-290.0,1.57,3.17
70,40,60,30,111,39.64,400.0,-340.0,1.15,1.18
70,40,60,35,131,44.27,1140.0,-300.0,1.39,3.8
70,50,20,15,32,62.5,620.0,-400.0,1.52,1.55
70,50,20,20,52,50.0,10.0,-940.0,1.0,0.01
70,50,20,25,71,53.52,920.0,-1030.0,1.31,0.89
70,50,20,30,101,46.53,350.0,-1550.0,1.07,0.23
70,50,20,35,119,50.42,1160.0,-1600.0,1.22,0.72
70,50,30,15,33,57.58,480.0,-230.0,1.56,2.09
70,50,30,20,53,47.17,200.0,-330.0,1.13,0.61
70,50,30,25,72,50.0,720.0,-380.0,1.4,1.89
70,50,30,30,103,42.72,-110.0,-780.0,0.97,-0.14
70,50,30,35,121,47.93,670.0,-550.0,1.19,1.22
70,50,40,15,33,57.58,630.0,-180.0,1.9,3.5
70,50,40,20,53,47.17,200.0,-330.0,1.13,0.61
70,50,40,25,72,50.0,720.0,-380.0,1.4,1.89
70,50,40,30,104,42.31,-220.0,-630.0,0.93,-0.35
70,50,40,35,122,47.54,560.0,-500.0,1.16,1.12
70,50,50,15,33,57.58,630.0,-180.0,1.9,3.5
70,50,50,20,53,47.17,350.0,-330.0,1.25,1.06
70,50,50,25,72,50.0,720.0,-380.0,1.4,1.89
70,50,50,30,104,42.31,80.0,-500.0,1.03,0.16
70,50,50,35,122,47.54,860.0,-400.0,1.27,2.15
70,50,60,15,33,57.58,630.0,-180.0,1.9,3.5
70,50,60,20,53,47.17,350.0,-330.0,1.25,1.06
70,50,60,25,72,50.0,720.0,-380.0,1.4,1.89
70,50,60,30,104,42.31,80.0,-500.0,1.03,0.16
70,50,60,35,122,47.54,860.0,-400.0,1.27,2.15
70,60,20,15,29,75.86,1240.0,-420.0,2.09,2.95
70,60,20,20,49,59.18,680.0,-1180.0,1.24,0.58
70,60,20,25,67,61.19,2000.0,-950.0,1.63,2.11
70,60,20,30,95,52.63,710.0,-1970.0,1.12,0.36
70,60,20,35,113,55.75,1500.0,-1770.0,1.25,0.85
70,60,30,15,30,73.33,1540.0,-240.0,2.83,6.42
70,60,30,20,50,60.0,1830.0,-410.0,2.05,4.46
70,60,30,25,69,57.97,1990.0,-420.0,1.87,4.74
70,60,30,30,96,50.0,900.0,-650.0,1.22,1.38
70,60,30,35,114,54.39,1640.0,-520.0,1.37,3.15
70,60,40,15,30,73.33,1510.0,-240.0,3.29,6.29
70,60,40,20,49,61.22,1470.0,-410.0,1.87,3.59
70,60,40,25,68,58.82,1810.0,-300.0,1.89,6.03
70,60,40,30,95,50.53,690.0,-650.0,1.19,1.06
70,60,40,35,113,54.87,1430.0,-450.0,1.36,3.18
70,60,50,15,30,70.0,750.0,-240.0,2.04,3.12
70,60,50,20,50,54.0,150.0,-510.0,1.09,0.29
70,60,50,25,69,53.62,310.0,-470.0,1.14,0.66
70,60,50,30,98,45.92,-570.0,-810.0,0.85,-0.7
70,60,50,35,116,50.86,170.0,-670.0,1.04,0.25
70,60,60,15,30,70.0,930.0,-180.0,2.72,5.17
70,60,60,20,50,54.0,510.0,-330.0,1.37,1.55
70,60,60,25,69,53.62,670.0,-340.0,1.35,1.97
70,60,60,30,98,45.92,-30.0,-630.0,0.99,-0.05
70,60,60,35,116,50.86,710.0,-490.0,1.21,1.45
70,70,20,15,29,75.86,630.0,-490.0,1.36,1.29
70,70,20,20,49,67.35,2170.0,-700.0,1.67,3.1
70,70,20,25,65,69.23,3500.0,-770.0,1.89,4.55
70,70,20,30,89,62.92,1890.0,-1260.0,1.23,1.5
70,70,20,35,107,64.49,3430.0,-1260.0,1.45,2.72
70,70,30,15,30,73.33,1190.0,-420.0,2.0,2.83
70,70,30,20,50,66.0,2380.0,-560.0,2.06,4.25
70,70,30,25,69,62.32,1400.0,-700.0,1.38,2.0
70,70,30,30,92,56.52,420.0,-1190.0,1.07,0.35
70,70,30,35,109,60.55,980.0,-910.0,1.16,1.08
70,70,40,15,30,73.33,1400.0,-280.0,2.82,5.0
70,70,40,20,48,66.67,2170.0,-350.0,2.24,6.2
70,70,40,25,68,63.24,1680.0,-490.0,1.56,3.43
70,70,40,30,90,56.67,210.0,-1190.0,1.04,0.18
70,70,40,35,107,60.75,770.0,-910.0,1.14,0.85
70,70,50,15,29,72.41,700.0,-280.0,1.91,2.5
70,70,50,20,49,61.22,560.0,-630.0,1.32,0.89
70,70,50,25,68,60.29,350.0,-770.0,1.12,0.45
70,70,50,30,92,53.26,-630.0,-1190.0,0.86,-0.53
70,70,50,35,107,57.01,-210.0,-910.0,0.96,-0.23
70,70,60,15,29,72.41,910.0,-210.0,2.62,4.33
70,70,60,20,48,60.42,700.0,-420.0,1.53,1.67
70,70,60,25,66,59.09,630.0,-490.0,1.3,1.29
70,70,60,30,90,52.22,-350.0,-770.0,0.9,-0.45
70,70,60,35,106,56.6,140.0,-630.0,1.03,0.22
70,80,20,15,29,75.86,-100.0,-960.0,0.96,-0.1
70,80,20,20,49,71.43,2080.0,-1840.0,1.45,1.13
70,80,20,25,65,72.31,3340.0,-1950.0,1.64,1.71
70,80,20,30,85,69.41,3190.0,-1770.0,1.37,1.8
70,80,20,35,103,70.87,4910.0,-1700.0,1.59,2.89
70,80,30,15,29,75.86,140.0,-960.0,1.06,0.15
70,80,30,20,49,71.43,2430.0,-1390.0,1.69,1.75
70,80,30,25,65,67.69,510.0,-2460.0,1.09,0.21
70,80,30,30,86,63.95,330.0,-2720.0,1.04,0.12
70,80,30,35,104,67.31,1590.0,-2460.0,1.21,0.65
70,80,40,15,29,75.86,890.0,-720.0,1.7,1.24
70,80,40,20,47,68.09,1280.0,-1150.0,1.48,1.11
70,80,40,25,65,66.15,770.0,-990.0,1.2,0.78
70,80,40,30,86,60.47,-130.0,-1760.0,0.98,-0.07
70,80,40,35,104,64.42,1130.0,-1490.0,1.19,0.76
70,80,50,15,28,75.0,190.0,-720.0,1.15,0.26
70,80,50,20,48,64.58,240.0,-660.0,1.09,0.36
70,80,50,25,64,67.19,460.0,-720.0,1.13,0.64
70,80,50,30,87,59.77,-540.0,-1120.0,0.9,-0.48
70,80,50,35,103,63.11,580.0,-890.0,1.11,0.65
70,80,60,15,28,75.0,910.0,-240.0,2.62,3.79
70,80,60,20,47,63.83,710.0,-440.0,1.44,1.61
70,80,60,25,62,66.13,1130.0,-510.0,1.52,2.22
70,80,60,30,85,58.82,130.0,-940.0,1.03,0.14
70,80,60,35,102,62.75,1080.0,-710.0,1.25,1.52
70,100,20,15,27,85.19,-0.0,-1980.0,1.0,-0.0
70,100,20,20,46,82.61,2100.0,-1630.0,1.3,1.29
70,100,20,25,63,80.95,2230.0,-2340.0,1.27,0.95
70,100,20,30,79,75.95,-490.0,-3710.0,0.96,-0.13
70,100,20,35,94,78.72,2350.0,-3530.0,1.17,0.67
70,100,30,15,27,85.19,500.0,-1480.0,1.17,0.34
70,100,30,20,47,82.98,3710.0,-1340.0,1.76,2.77
70,100,30,25,62,80.65,1910.0,-1690.0,1.29,1.13
70,100,30,30,78,75.64,1090.0,-3040.0,1.1,0.36
70,100,30,35,96,78.12,2140.0,-2500.0,1.19,0.86
70,100,40,15,28,78.57,-320.0,-1200.0,0.88,-0.27
70,100,40,20,45,82.22,2570.0,-1220.0,1.68,2.11
70,100,40,25,62,80.65,2390.0,-1150.0,1.47,2.08
70,100,40,30,76,75.0,1040.0,-2320.0,1.13,0.45
70,100,40,35,94,77.66,2290.0,-1450.0,1.26,1.58
70,100,50,15,27,77.78,-1020.0,-1440.0,0.62,-0.71
70,100,50,20,47,78.72,900.0,-1250.0,1.22,0.72
70,100,50,25,61,80.33,1570.0,-1310.0,1.33,1.2
70,100,50,30,79,72.15,-550.0,-2390.0,0.93,-0.23
70,100,50,35,97,75.26,1000.0,-1550.0,1.12,0.65
70,100,60,15,28,78.57,850.0,-400.0,1.94,2.12
70,100,60,20,46,78.26,2390.0,-500.0,2.49,4.78
70,100,60,25,58,79.31,1990.0,-800.0,1.74,2.49
70,100,60,30,79,72.15,290.0,-1540.0,1.05,0.19
70,100,60,35,94,74.47,820.0,-1440.0,1.12,0.57
80,30,20,15,35,48.57,730.0,-190.0,2.16,3.84
80,30,20,20,60,36.67,680.0,-270.0,1.52,2.52
80,30,20,25,81,41.98,1280.0,-240.0,1.76,5.33
80,30,20,30,119,34.45,730.0,-430.0,1.26,1.7
80,30,20,35,141,33.33,730.0,-480.0,1.22,1.52
80,30,30,15,35,48.57,820.0,-120.0,2.52,6.83
80,30,30,20,60,36.67,620.0,-210.0,1.54,2.95
80,30,30,25,81,41.98,1310.0,-220.0,1.93,5.95
80,30,30,30,119,34.45,940.0,-230.0,1.4,4.09
80,30,30,35,142,33.1,910.0,-330.0,1.32,2.76
80,30,40,15,35,48.57,820.0,-120.0,2.52,6.83
80,30,40,20,60,36.67,620.0,-210.0,1.54,2.95
80,30,40,25,81,41.98,1310.0,-220.0,1.93,5.95
80,30,40,30,119,34.45,940.0,-230.0,1.4,4.09
80,30,40,35,142,33.1,910.0,-330.0,1.32,2.76
80,30,50,15,35,48.57,820.0,-120.0,2.52,6.83
80,30,50,20,60,36.67,620.0,-210.0,1.54,2.95
80,30,50,25,81,41.98,1310.0,-220.0,1.93,5.95
80,30,50,30,119,34.45,940.0,-230.0,1.4,4.09
80,30,50,35,142,33.1,910.0,-330.0,1.32,2.76
80,30,60,15,35,48.57,820.0,-120.0,2.52,6.83
80,30,60,20,60,36.67,620.0,-210.0,1.54,2.95
80,30,60,25,81,41.98,1310.0,-220.0,1.93,5.95
80,30,60,30,119,34.45,940.0,-230.0,1.4,4.09
80,30,60,35,142,33.1,910.0,-330.0,1.32,2.76
80,40,20,15,34,52.94,800.0,-320.0,1.91,2.5
80,40,20,20,56,42.86,520.0,-720.0,1.25,0.72
80,40,20,25,75,46.67,960.0,-680.0,1.37,1.41
80,40,20,30,109,38.53,560.0,-1040.0,1.13,0.54
80,40,20,35,123,39.02,600.0,-1080.0,1.13,0.56
80,40,30,15,34,50.0,680.0,-160.0,2.0,4.25
80,40,30,20,56,41.07,520.0,-240.0,1.39,2.17
80,40,30,25,75,45.33,1080.0,-280.0,1.66,3.86
80,40,30,30,110,37.27,400.0,-440.0,1.14,0.91
80,40,30,35,124,37.9,440.0,-480.0,1.13,0.92
80,40,40,15,34,50.0,680.0,-160.0,2.0,4.25
80,40,40,20,56,41.07,520.0,-240.0,1.39,2.17
80,40,40,25,75,45.33,1080.0,-280.0,1.66,3.86
80,40,40,30,110,37.27,520.0,-320.0,1.19,1.62
80,40,40,35,124,37.9,680.0,-360.0,1.22,1.89
80,40,50,15,34,50.0,680.0,-160.0,2.0,4.25
80,40,50,20,56,41.07,520.0,-240.0,1.39,2.17
80,40,50,25,75,45.33,1080.0,-280.0,1.66,3.86
80,40,50,30,110,37.27,520.0,-320.0,1.19,1.62
80,40,50,35,124,37.9,680.0,-360.0,1.22,1.89
80,40,60,15,34,50.0,680.0,-160.0,2.0,4.25
80,40,60,20,56,41.07,520.0,-240.0,1.39,2.17
80,40,60,25,75,45.33,1080.0,-280.0,1.66,3.86
80,40,60,30,110,37.27,520.0,-320.0,1.19,1.62
80,40,60,35,124,37.9,680.0,-360.0,1.22,1.89
80,50,20,15,31,64.52,1470.0,-270.0,2.73,5.44
80,50,20,20,52,50.0,780.0,-900.0,1.31,0.87
80,50,20,25,70,52.86,1790.0,-1020.0,1.63,1.75
80,50,20,30,102,43.14,320.0,-1900.0,1.06,0.17
80,50,20,35,113,44.25,640.0,-1890.0,1.11,0.34
80,50,30,15,32,59.38,960.0,-220.0,2.2,4.36
80,50,30,20,53,47.17,690.0,-320.0,1.45,2.16
80,50,30,25,71,49.3,1240.0,-370.0,1.69,3.35
80,50,30,30,103,40.78,340.0,-650.0,1.1,0.52
80,50,30,35,115,42.61,890.0,-630.0,1.24,1.41
80,50,40,15,32,59.38,1110.0,-170.0,2.71,6.53
80,50,40,20,53,47.17,690.0,-320.0,1.45,2.16
80,50,40,25,71,49.3,1240.0,-370.0,1.69,3.35
80,50,40,30,104,40.38,200.0,-510.0,1.06,0.39
80,50,40,35,116,41.38,380.0,-500.0,1.1,0.76
80,50,50,15,32,56.25,740.0,-170.0,2.06,4.35
80,50,50,20,52,46.15,520.0,-320.0,1.37,1.63
80,50,50,25,70,48.57,920.0,-370.0,1.51,2.49
80,50,50,30,103,39.81,180.0,-440.0,1.06,0.41
80,50,50,35,115,40.87,360.0,-480.0,1.11,0.75
80,50,60,15,32,56.25,740.0,-170.0,2.06,4.35
80,50,60,20,52,46.15,520.0,-320.0,1.37,1.63
80,50,60,25,70,48.57,920.0,-370.0,1.51,2.49
80,50,60,30,103,39.81,180.0,-440.0,1.06,0.41
80,50,60,35,115,40.87,360.0,-480.0,1.11,0.75
80,60,20,15,27,77.78,1920.0,-240.0,3.67,8.0
80,60,20,20,48,58.33,1280.0,-1100.0,1.48,1.16
80,60,20,25,64,59.38,2260.0,-940.0,1.71,2.4
80,60,20,30,91,49.45,420.0,-2540.0,1.06,0.17
80,60,20,35,103,50.49,1400.0,-2560.0,1.2,0.55
80,60,30,15,28,75.0,2040.0,-240.0,4.4,8.5
80,60,30,20,48,60.42,2500.0,-240.0,2.67,10.42
80,60,30,25,66,57.58,2680.0,-420.0,2.31,6.38
80,60,30,30,93,49.46,2180.0,-520.0,1.56,4.19
80,60,30,35,105,50.48,2680.0,-600.0,1.64,4.47
80,60,40,15,28,75.0,1980.0,-180.0,5.71,11.0
80,60,40,20,48,60.42,2020.0,-240.0,2.35,8.42
80,60,40,25,66,57.58,2380.0,-300.0,2.28,7.93
80,60,40,30,93,48.39,1440.0,-520.0,1.4,2.77
80,60,40,35,105,48.57,1560.0,-600.0,1.39,2.6
80,60,50,15,29,68.97,1060.0,-180.0,2.96,5.89
80,60,50,20,49,53.06,520.0,-480.0,1.33,1.08
80,60,50,25,67,52.24,700.0,-460.0,1.33,1.52
80,60,50,30,96,43.75,-240.0,-680.0,0.93,-0.35
80,60,50,35,108,44.44,-120.0,-760.0,0.97,-0.16
80,60,60,15,29,68.97,1060.0,-180.0,2.96,5.89
80,60,60,20,49,53.06,700.0,-300.0,1.51,2.33
80,60,60,25,67,52.24,880.0,-320.0,1.46,2.75
80,60,60,30,96,43.75,120.0,-500.0,1.04,0.24
80,60,60,35,108,44.44,240.0,-580.0,1.07,0.41
80,70,20,15,27,77.78,1380.0,-490.0,2.1,2.82
80,70,20,20,46,67.39,2610.0,-620.0,1.83,4.21
80,70,20,25,62,67.74,4080.0,-770.0,2.04,5.3
80,70,20,30,84,60.71,2150.0,-1240.0,1.24,1.73
80,70,20,35,96,60.42,3430.0,-1240.0,1.39,2.77
80,70,30,15,28,75.0,1730.0,-420.0,2.9,4.12
80,70,30,20,47,65.96,2710.0,-560.0,2.25,4.84
80,70,30,25,66,62.12,2250.0,-700.0,1.66,3.21
80,70,30,30,89,56.18,2350.0,-1060.0,1.45,2.22
80,70,30,35,99,57.58,2520.0,-1320.0,1.43,1.91
80,70,40,15,28,75.0,1910.0,-210.0,4.9,9.1
80,70,40,20,47,65.96,2410.0,-350.0,2.38,6.89
80,70,40,25,66,62.12,2400.0,-490.0,1.86,4.9
80,70,40,30,88,54.55,1340.0,-1060.0,1.27,1.26
80,70,40,35,98,55.1,1120.0,-1320.0,1.2,0.85
80,70,50,15,28,71.43,1040.0,-210.0,2.86,4.95
80,70,50,20,48,60.42,1020.0,-600.0,1.66,1.7
80,70,50,25,66,59.09,870.0,-750.0,1.32,1.16
80,70,50,30,90,51.11,60.0,-850.0,1.01,0.07
80,70,50,35,99,52.53,120.0,-900.0,1.03,0.13
80,70,60,15,28,71.43,1040.0,-210.0,2.86,4.95
80,70,60,20,47,59.57,910.0,-390.0,1.68,2.33
80,70,60,25,64,57.81,860.0,-490.0,1.41,1.76
80,70,60,30,87,49.43,-270.0,-750.0,0.93,-0.36
80,70,60,35,97,51.55,-130.0,-800.0,0.97,-0.16
80,80,20,15,27,77.78,720.0,-960.0,1.37,0.75
80,80,20,20,46,69.57,1840.0,-1840.0,1.4,1.0
80,80,20,25,61,70.49,3760.0,-1760.0,1.72,2.14
80,80,20,30,80,65.0,2960.0,-1760.0,1.31,1.68
80,80,20,35,92,65.22,4880.0,-1840.0,1.53,2.65
80,80,30,15,27,77.78,720.0,-960.0,1.37,0.75
80,80,30,20,46,69.57,2320.0,-1440.0,1.66,1.61
80,80,30,25,63,66.67,1440.0,-2240.0,1.28,0.64
80,80,30,30,84,61.9,2560.0,-1920.0,1.38,1.33
80,80,30,35,95,62.11,2800.0,-2240.0,1.38,1.25
80,80,40,15,27,77.78,1440.0,-720.0,2.5,2.0
80,80,40,20,46,67.39,1520.0,-1120.0,1.58,1.36
80,80,40,25,63,65.08,1520.0,-800.0,1.41,1.9
80,80,40,30,82,57.32,720.0,-1680.0,1.12,0.43
80,80,40,35,93,58.06,960.0,-2000.0,1.15,0.48
80,80,50,15,27,74.07,560.0,-720.0,1.54,0.78
80,80,50,20,47,63.83,800.0,-640.0,1.34,1.25
80,80,50,25,62,66.13,1120.0,-720.0,1.33,1.56
80,80,50,30,83,56.63,-80.0,-1040.0,0.98,-0.08
80,80,50,35,93,56.99,80.0,-1120.0,1.01,0.07
80,80,60,15,27,74.07,1040.0,-240.0,2.86,4.33
80,80,60,20,46,63.04,960.0,-400.0,1.6,2.4
80,80,60,25,60,65.0,1440.0,-480.0,1.67,3.0
80,80,60,30,80,55.0,-80.0,-880.0,0.98,-0.09
80,80,60,35,91,56.04,160.0,-720.0,1.04,0.22
80,100,20,15,26,88.46,1940.0,-1200.0,1.84,1.62
80,100,20,20,43,81.4,2200.0,-1520.0,1.31,1.45
80,100,20,25,58,79.31,2200.0,-2160.0,1.27,1.02
80,100,20,30,74,74.32,1040.0,-3500.0,1.07,0.3
80,100,20,35,85,74.12,660.0,-3380.0,1.04,0.2
80,100,30,15,26,88.46,1940.0,-1200.0,1.84,1.62
80,100,30,20,44,81.82,4220.0,-1260.0,1.86,3.35
80,100,30,25,60,80.0,3340.0,-1600.0,1.55,2.09
80,100,30,30,77,75.32,4300.0,-2080.0,1.44,2.07
80,100,30,35,87,74.71,2560.0,-2100.0,1.21,1.22
80,100,40,15,27,81.48,720.0,-1200.0,1.36,0.6
80,100,40,20,44,81.82,3160.0,-1180.0,1.83,2.68
80,100,40,25,60,80.0,3420.0,-1100.0,1.76,3.11
80,100,40,30,74,72.97,2620.0,-1720.0,1.34,1.52
80,100,40,35,84,72.62,1080.0,-2100.0,1.11,0.51
80,100,50,15,27,77.78,-180.0,-1200.0,0.91,-0.15
80,100,50,20,47,78.72,2200.0,-1200.0,1.65,1.83
80,100,50,25,59,79.66,2440.0,-1100.0,1.58,2.22
80,100,50,30,77,70.13,520.0,-1840.0,1.07,0.28
80,100,50,35,87,71.26,1080.0,-1460.0,1.13,0.74
80,100,60,15,27,77.78,1020.0,-400.0,2.13,2.55
80,100,60,20,45,77.78,2880.0,-500.0,2.8,5.76
80,100,60,25,56,78.57,2500.0,-800.0,1.93,3.13
80,100,60,30,74,68.92,340.0,-1460.0,1.06,0.23
80,100,60,35,83,69.88,340.0,-1440.0,1.05,0.24
100,30,20,15,35,45.71,940.0,-230.0,2.42,4.09
100,30,20,20,57,36.84,1140.0,-270.0,1.9,4.22
100,30,20,25,78,35.9,1330.0,-300.0,1.75,4.43
100,30,20,30,113,30.09,970.0,-340.0,1.36,2.85
100,30,20,35,133,30.08,1150.0,-430.0,1.37,2.67
100,30,30,15,35,45.71,1030.0,-140.0,2.81,7.36
100,30,30,20,57,36.84,1020.0,-210.0,1.94,4.86
100,30,30,25,78,35.9,1300.0,-230.0,1.87,5.65
100,30,30,30,113,30.09,1030.0,-240.0,1.43,4.29
100,30,30,35,134,29.85,1180.0,-280.0,1.42,4.21
100,30,40,15,35,45.71,1030.0,-140.0,2.81,7.36
100,30,40,20,57,36.84,1020.0,-210.0,1.94,4.86
100,30,40,25,78,35.9,1300.0,-230.0,1.87,5.65
100,30,40,30,113,30.09,1030.0,-240.0,1.43,4.29
100,30,40,35,134,29.85,1180.0,-280.0,1.42,4.21
100,30,50,15,35,45.71,1030.0,-140.0,2.81,7.36
100,30,50,20,57,36.84,1020.0,-210.0,1.94,4.86
100,30,50,25,78,35.9,1300.0,-230.0,1.87,5.65
100,30,50,30,113,30.09,1030.0,-240.0,1.43,4.29
100,30,50,35,134,29.85,1180.0,-280.0,1.42,4.21
100,30,60,15,35,45.71,1030.0,-140.0,2.81,7.36
100,30,60,20,57,36.84,1020.0,-210.0,1.94,4.86
100,30,60,25,78,35.9,1300.0,-230.0,1.87,5.65
100,30,60,30,113,30.09,1030.0,-240.0,1.43,4.29
100,30,60,35,134,29.85,1180.0,-280.0,1.42,4.21
100,40,20,15,34,50.0,1080.0,-380.0,2.17,2.84
100,40,20,20,53,41.51,1020.0,-720.0,1.49,1.42
100,40,20,25,72,40.28,1120.0,-660.0,1.42,1.7
100,40,20,30,103,34.95,1280.0,-960.0,1.31,1.33
100,40,20,35,115,36.52,1520.0,-1000.0,1.34,1.52
100,40,30,15,34,47.06,880.0,-220.0,2.22,4.0
100,40,30,20,53,39.62,820.0,-240.0,1.64,3.42
100,40,30,25,72,38.89,1040.0,-300.0,1.59,3.47
100,40,30,30,104,33.65,620.0,-360.0,1.22,1.72
100,40,30,35,115,34.78,760.0,-400.0,1.23,1.9
100,40,40,15,34,47.06,880.0,-220.0,2.22,4.0
100,40,40,20,53,39.62,820.0,-240.0,1.64,3.42
100,40,40,25,72,38.89,1040.0,-300.0,1.59,3.47
100,40,40,30,104,33.65,740.0,-280.0,1.27,2.64
100,40,40,35,115,34.78,1000.0,-320.0,1.33,3.12
100,40,50,15,34,47.06,880.0,-220.0,2.22,4.0
100,40,50,20,53,39.62,820.0,-240.0,1.64,3.42
100,40,50,25,72,38.89,1040.0,-300.0,1.59,3.47
100,40,50,30,104,33.65,740.0,-280.0,1.27,2.64
100,40,50,35,115,34.78,1000.0,-320.0,1.33,3.12
100,40,60,15,34,47.06,880.0,-220.0,2.22,4.0
100,40,60,20,53,39.62,820.0,-240.0,1.64,3.42
100,40,60,25,72,38.89,1040.0,-300.0,1.59,3.47
100,40,60,30,104,33.65,740.0,-280.0,1.27,2.64
100,40,60,35,115,34.78,1000.0,-320.0,1.33,3.12
100,50,20,15,31,54.84,1000.0,-550.0,1.77,1.82
100,50,20,20,48,45.83,900.0,-900.0,1.36,1.0
100,50,20,25,66,45.45,1800.0,-1000.0,1.6,1.8
100,50,20,30,95,38.95,950.0,-1750.0,1.17,0.54
100,50,20,35,105,40.95,1500.0,-1650.0,1.26,0.91
100,50,30,15,32,50.0,350.0,-450.0,1.28,0.78
100,50,30,20,49,42.86,400.0,-450.0,1.24,0.89
100,50,30,25,67,41.79,700.0,-400.0,1.33,1.75
100,50,30,30,96,36.46,-300.0,-600.0,0.92,-0.5
100,50,30,35,106,38.68,400.0,-550.0,1.1,0.73
100,50,40,15,32,50.0,500.0,-450.0,1.45,1.11
100,50,40,20,49,42.86,400.0,-450.0,1.24,0.89
100,50,40,25,67,41.79,700.0,-400.0,1.33,1.75
100,50,40,30,97,36.08,-50.0,-500.0,0.99,-0.1
100,50,40,35,107,37.38,200.0,-500.0,1.05,0.4
100,50,50,15,32,50.0,800.0,-250.0,2.0,3.2
100,50,50,20,49,42.86,700.0,-300.0,1.5,2.33
100,50,50,25,67,41.79,850.0,-400.0,1.44,2.12
100,50,50,30,97,36.08,400.0,-400.0,1.13,1.0
100,50,50,35,107,37.38,650.0,-400.0,1.19,1.62
100,50,60,15,32,50.0,800.0,-250.0,2.0,3.2
100,50,60,20,49,42.86,700.0,-300.0,1.5,2.33
100,50,60,25,67,41.79,850.0,-400.0,1.44,2.12
100,50,60,30,97,36.08,400.0,-400.0,1.13,1.0
100,50,60,35,107,37.38,650.0,-400.0,1.19,1.62
100,60,20,15,27,66.67,1440.0,-320.0,2.14,4.5
100,60,20,20,44,50.0,460.0,-1280.0,1.16,0.36
100,60,20,25,61,49.18,1740.0,-1220.0,1.48,1.43
100,60,20,30,85,43.53,640.0,-2740.0,1.1,0.23
100,60,20,35,96,45.83,2000.0,-2660.0,1.29,0.75
100,60,30,15,28,64.29,1560.0,-320.0,2.37,4.88
100,60,30,20,44,52.27,1520.0,-540.0,1.77,2.81
100,60,30,25,62,46.77,1400.0,-440.0,1.52,3.18
100,60,30,30,84,42.86,900.0,-760.0,1.2,1.18
100,60,30,35,94,44.68,1560.0,-740.0,1.33,2.11
100,60,40,15,28,64.29,1440.0,-320.0,2.5,4.5
100,60,40,20,44,52.27,1220.0,-540.0,1.62,2.26
100,60,40,25,62,46.77,1280.0,-420.0,1.51,3.05
100,60,40,30,85,42.35,780.0,-640.0,1.19,1.22
100,60,40,35,95,43.16,980.0,-700.0,1.23,1.4
100,60,50,15,29,58.62,800.0,-320.0,1.89,2.5
100,60,50,20,47,46.81,340.0,-720.0,1.18,0.47
100,60,50,25,65,43.08,220.0,-740.0,1.09,0.3
100,60,50,30,90,38.89,-340.0,-940.0,0.91,-0.36
100,60,50,35,100,40.0,-140.0,-1020.0,0.97,-0.14
100,60,60,15,29,58.62,980.0,-180.0,2.36,5.44
100,60,60,20,47,46.81,700.0,-360.0,1.47,1.94
100,60,60,25,65,43.08,580.0,-380.0,1.26,1.53
100,60,60,30,90,38.89,200.0,-580.0,1.06,0.34
100,60,60,35,100,40.0,400.0,-660.0,1.11,0.61
100,70,20,15,27,66.67,600.0,-810.0,1.29,0.74
100,70,20,20,43,60.47,2390.0,-840.0,1.64,2.85
100,70,20,25,59,57.63,3700.0,-1330.0,1.76,2.78
100,70,20,30,75,54.67,2850.0,-1720.0,1.33,1.66
100,70,20,35,85,55.29,4240.0,-1720.0,1.51,2.47
100,70,30,15,28,64.29,950.0,-810.0,1.54,1.17
100,70,30,20,44,59.09,2270.0,-840.0,1.83,2.7
100,70,30,25,62,51.61,680.0,-1120.0,1.15,0.61
100,70,30,30,76,50.0,-150.0,-1570.0,0.98,-0.1
100,70,30,35,84,51.19,140.0,-1610.0,1.02,0.09
100,70,40,15,28,64.29,1070.0,-600.0,1.8,1.78
100,70,40,20,43,58.14,1690.0,-630.0,1.73,2.68
100,70,40,25,62,51.61,1220.0,-910.0,1.32,1.34
100,70,40,30,77,49.35,-190.0,-1870.0,0.97,-0.1
100,70,40,35,85,50.59,100.0,-1910.0,1.02,0.05
100,70,50,15,28,60.71,720.0,-390.0,1.73,1.85
100,70,50,20,46,52.17,740.0,-840.0,1.38,0.88
100,70,50,25,64,48.44,340.0,-1210.0,1.1,0.28
100,70,50,30,80,46.25,-600.0,-1640.0,0.88,-0.37
100,70,50,35,88,47.73,-310.0,-1680.0,0.94,-0.18
100,70,60,15,28,60.71,930.0,-210.0,2.21,4.43
100,70,60,20,45,51.11,760.0,-420.0,1.49,1.81
100,70,60,25,62,46.77,380.0,-490.0,1.15,0.78
100,70,60,30,79,44.3,-420.0,-870.0,0.89,-0.48
100,70,60,35,87,45.98,-130.0,-910.0,0.97,-0.14
100,80,20,15,27,70.37,-100.0,-1820.0,0.97,-0.05
100,80,20,20,43,65.12,1800.0,-2500.0,1.32,0.72
100,80,20,25,58,62.07,3080.0,-2980.0,1.43,1.03
100,80,20,30,71,59.15,3160.0,-2380.0,1.31,1.33
100,80,20,35,81,59.26,4620.0,-2380.0,1.48,1.94
100,80,30,15,27,70.37,300.0,-1420.0,1.11,0.21
100,80,30,20,43,65.12,2520.0,-1800.0,1.62,1.4
100,80,30,25,59,57.63,-60.0,-3640.0,0.99,-0.02
100,80,30,30,72,55.56,1400.0,-2820.0,1.18,0.5
100,80,30,35,81,55.56,1580.0,-2960.0,1.2,0.53
100,80,40,15,27,70.37,960.0,-1180.0,1.52,0.81
100,80,40,20,42,61.9,1200.0,-1380.0,1.37,0.87
100,80,40,25,59,55.93,680.0,-1540.0,1.14,0.44
100,80,40,30,72,52.78,-0.0,-1500.0,1.0,-0.0
100,80,40,35,81,53.09,-600.0,-2400.0,0.92,-0.25
100,80,50,15,27,66.67,420.0,-1180.0,1.25,0.36
100,80,50,20,45,57.78,600.0,-1200.0,1.19,0.5
100,80,50,25,60,56.67,720.0,-1040.0,1.16,0.69
100,80,50,30,74,52.7,-220.0,-1260.0,0.96,-0.17
100,80,50,35,83,53.01,-340.0,-1340.0,0.95,-0.25
100,80,60,15,27,66.67,1380.0,-240.0,2.92,5.75
100,80,60,20,44,54.55,620.0,-940.0,1.3,0.66
100,80,60,25,57,54.39,900.0,-900.0,1.32,1.0
100,80,60,30,72,50.0,-420.0,-880.0,0.9,-0.48
100,80,60,35,81,50.62,-240.0,-780.0,0.95,-0.31
100,100,20,15,25,80.0,0.0,-1800.0,1.0,0.0
100,100,20,20,37,78.38,2500.0,-1700.0,1.36,1.47
100,100,20,25,51,72.55,2500.0,-2500.0,1.27,1.0
100,100,20,30,64,68.75,1700.0,-3500.0,1.12,0.49
100,100,20,35,73,71.23,4400.0,-3400.0,1.31,1.29
100,100,30,15,25,80.0,500.0,-1600.0,1.12,0.31
100,100,30,20,38,78.95,4200.0,-1500.0,1.86,2.8
100,100,30,25,51,72.55,2000.0,-2300.0,1.26,0.87
100,100,30,30,64,68.75,3400.0,-2500.0,1.34,1.36
100,100,30,35,73,69.86,2600.0,-2600.0,1.21,1.0
100,100,40,15,26,73.08,-1100.0,-2300.0,0.72,-0.48
100,100,40,20,37,75.68,1600.0,-1900.0,1.36,0.84
100,100,40,25,50,72.0,1300.0,-1800.0,1.21,0.72
100,100,40,30,62,67.74,-500.0,-2400.0,0.95,-0.21
100,100,40,35,72,68.06,-1000.0,-2900.0,0.91,-0.34
100,100,50,15,27,70.37,-400.0,-1800.0,0.86,-0.22
100,100,50,20,40,75.0,1100.0,-1600.0,1.24,0.69
100,100,50,25,52,71.15,1300.0,-1800.0,1.22,0.72
100,100,50,30,64,67.19,400.0,-2400.0,1.05,0.17
100,100,50,35,75,66.67,100.0,-2100.0,1.01,0.05
100,100,60,15,27,70.37,1400.0,-500.0,2.27,2.8
100,100,60,20,40,70.0,2200.0,-800.0,1.92,2.75
100,100,60,25,50,68.0,1500.0,-1200.0,1.38,1.25
100,100,60,30,63,63.49,200.0,-1900.0,1.03,0.11
100,100,60,35,73,64.38,-300.0,-2200.0,0.96,-0.14
