date,entry_time,exit_time,direction,entry_price,exit_price,result,pips,tokyo_high,tokyo_low,tokyo_range_pips,entry_hour,year,month
2015-05-26,2015-05-26 07:55:00,2015-05-26 09:10:00,BUY,121.845,121.945,WIN,9.7,121.788,121.483,30.49999999999926,7,2015,5
2015-05-27,2015-05-27 08:35:00,2015-05-27 12:40:00,SELL,122.859,123.359,LOSS,-50.3,123.311,122.922,38.900000000001,8,2015,5
2015-06-02,2015-06-02 07:50:00,2015-06-02 08:35:00,SELL,124.635,124.53500000000001,WIN,9.7,125.05,124.692,35.80000000000041,7,2015,6
2015-06-03,2015-06-03 11:50:00,2015-06-03 13:05:00,BUY,124.327,124.42699999999999,WIN,9.7,124.233,123.849,38.400000000000034,11,2015,6
2015-06-04,2015-06-04 09:40:00,2015-06-04 11:20:00,SELL,124.147,124.04700000000001,WIN,9.7,124.564,124.217,34.69999999999942,9,2015,6
2015-06-05,2015-06-05 10:15:00,2015-06-05 10:40:00,BUY,124.625,124.725,WIN,9.7,124.567,124.342,22.49999999999943,10,2015,6
2015-06-08,2015-06-08 09:50:00,2015-06-08 09:55:00,SELL,125.226,125.126,WIN,9.7,125.675,125.282,39.30000000000007,9,2015,6
2015-06-09,2015-06-09 08:55:00,2015-06-09 09:00:00,SELL,124.274,124.174,WIN,9.7,124.733,124.392,34.10000000000082,8,2015,6
2015-06-10,2015-06-10 06:30:00,2015-06-10 07:15:00,BUY,124.601,124.101,LOSS,-50.3,124.538,124.239,29.89999999999924,6,2015,6
2015-06-17,2015-06-17 08:10:00,2015-06-17 10:25:00,BUY,123.543,123.643,WIN,9.7,123.458,123.337,12.099999999999511,8,2015,6
2015-06-22,2015-06-22 10:30:00,2015-06-22 13:05:00,BUY,123.067,123.16699999999999,WIN,9.7,122.975,122.549,42.59999999999877,10,2015,6
2015-06-25,2015-06-25 06:05:00,2015-06-25 07:15:00,SELL,123.655,123.555,WIN,9.7,123.954,123.711,24.2999999999995,6,2015,6
2015-07-01,2015-07-01 08:55:00,2015-07-01 09:25:00,BUY,122.655,122.755,WIN,9.7,122.596,122.347,24.900000000000944,8,2015,7
2015-07-14,2015-07-14 08:20:00,2015-07-14 08:40:00,SELL,123.311,123.21100000000001,WIN,9.7,123.728,123.39,33.799999999999386,8,2015,7
2015-07-23,2015-07-23 10:10:00,2015-07-23 10:30:00,SELL,123.861,123.76100000000001,WIN,9.7,124.14,123.916,22.400000000000375,10,2015,7
2015-07-27,2015-07-27 09:25:00,2015-07-27 10:25:00,SELL,123.409,123.30900000000001,WIN,9.7,123.83,123.465,36.49999999999949,9,2015,7
2015-07-28,2015-07-28 07:40:00,2015-07-28 10:00:00,BUY,123.566,123.666,WIN,9.7,123.492,123.07,42.200000000001125,7,2015,7
2015-07-30,2015-07-30 12:30:00,2015-07-30 13:50:00,BUY,124.24,124.33999999999999,WIN,9.7,124.188,123.869,31.90000000000026,12,2015,7
2015-08-10,2015-08-10 09:40:00,2015-08-10 11:20:00,BUY,124.47,124.57,WIN,9.7,124.406,124.141,26.500000000000057,9,2015,8
2015-08-12,2015-08-12 08:55:00,2015-08-12 09:55:00,SELL,124.892,124.792,WIN,9.7,125.24,125.03,20.999999999999375,8,2015,8
2015-08-14,2015-08-14 09:50:00,2015-08-14 13:20:00,SELL,124.296,124.19600000000001,WIN,9.7,124.522,124.355,16.70000000000016,9,2015,8
2015-08-18,2015-08-18 10:10:00,2015-08-18 11:10:00,SELL,124.306,124.206,WIN,9.7,124.495,124.365,13.000000000000966,10,2015,8
2015-08-20,2015-08-20 09:40:00,2015-08-20 10:05:00,BUY,124.035,124.13499999999999,WIN,9.7,123.982,123.779,20.300000000000296,9,2015,8
2015-08-28,2015-08-28 07:00:00,2015-08-28 10:55:00,SELL,120.867,120.76700000000001,WIN,9.7,121.302,120.922,38.000000000000966,7,2015,8
2015-09-08,2015-09-08 06:20:00,2015-09-08 06:30:00,SELL,119.057,118.95700000000001,WIN,9.7,119.53,119.163,36.70000000000044,6,2015,9
2015-09-11,2015-09-11 10:20:00,2015-09-11 10:40:00,SELL,120.456,120.35600000000001,WIN,9.7,120.962,120.57,39.20000000000101,10,2015,9
2015-09-14,2015-09-14 06:55:00,2015-09-14 09:20:00,SELL,120.328,120.22800000000001,WIN,9.7,120.83,120.431,39.90000000000009,6,2015,9
2015-09-15,2015-09-15 06:20:00,2015-09-15 06:30:00,SELL,120.081,119.98100000000001,WIN,9.7,120.64,120.165,47.49999999999943,6,2015,9
2015-09-17,2015-09-17 08:00:00,2015-09-17 08:15:00,BUY,120.721,120.821,WIN,9.7,120.659,120.336,32.30000000000075,8,2015,9
2015-09-21,2015-09-21 11:30:00,2015-09-21 11:50:00,BUY,120.187,120.28699999999999,WIN,9.7,120.134,119.733,40.099999999999625,11,2015,9
2015-09-22,2015-09-22 10:00:00,2015-09-22 10:15:00,SELL,120.25,120.15,WIN,9.7,120.605,120.324,28.10000000000059,10,2015,9
2015-09-25,2015-09-25 09:15:00,2015-09-25 10:15:00,BUY,120.451,120.55099999999999,WIN,9.7,120.379,120.005,37.400000000000944,9,2015,9
2015-09-28,2015-09-28 08:40:00,2015-09-28 12:20:00,SELL,120.186,120.08600000000001,WIN,9.7,120.589,120.244,34.499999999999886,8,2015,9
2015-09-29,2015-09-29 08:00:00,2015-09-29 09:30:00,SELL,119.421,119.32100000000001,WIN,9.7,120.0,119.551,44.89999999999981,8,2015,9
2015-09-30,2015-09-30 10:35:00,2015-09-30 11:20:00,BUY,120.081,120.181,WIN,9.7,120.027,119.692,33.500000000000796,10,2015,9
2015-10-02,2015-10-02 10:15:00,2015-10-02 13:20:00,BUY,120.098,120.198,WIN,9.7,120.044,119.773,27.10000000000008,10,2015,10
2015-10-05,2015-10-05 10:55:00,2015-10-05 12:50:00,BUY,120.16,120.25999999999999,WIN,9.7,120.092,119.86,23.199999999999932,10,2015,10
2015-10-06,2015-10-06 08:55:00,2015-10-06 09:25:00,SELL,120.319,120.21900000000001,WIN,9.7,120.565,120.383,18.200000000000216,8,2015,10
2015-10-08,2015-10-08 09:10:00,2015-10-08 10:15:00,SELL,119.759,119.659,WIN,9.7,120.107,119.827,28.000000000000114,9,2015,10
2015-10-09,2015-10-09 08:55:00,2015-10-09 09:05:00,BUY,120.043,120.143,WIN,9.7,119.989,119.829,16.00000000000108,8,2015,10
2015-10-13,2015-10-13 10:30:00,2015-10-13 11:30:00,SELL,119.732,119.632,WIN,9.7,120.068,119.799,26.899999999999125,10,2015,10
2015-10-15,2015-10-15 10:05:00,2015-10-15 10:10:00,SELL,118.515,118.415,WIN,9.7,119.158,118.689,46.90000000000083,10,2015,10
2015-10-22,2015-10-22 07:00:00,2015-10-22 07:40:00,SELL,119.755,119.655,WIN,9.7,119.956,119.822,13.400000000000034,7,2015,10
2015-10-23,2015-10-23 10:10:00,2015-10-23 10:40:00,SELL,120.397,120.29700000000001,WIN,9.7,120.983,120.619,36.40000000000043,10,2015,10
2015-10-26,2015-10-26 09:15:00,2015-10-26 10:20:00,SELL,120.954,120.854,WIN,9.7,121.475,121.054,42.09999999999923,9,2015,10
2015-11-05,2015-11-05 09:30:00,2015-11-05 09:55:00,BUY,121.653,121.753,WIN,9.7,121.59,121.378,21.20000000000033,9,2015,11
2015-11-06,2015-11-06 07:00:00,2015-11-06 08:55:00,BUY,121.803,121.90299999999999,WIN,9.7,121.749,121.622,12.699999999999534,7,2015,11
2015-11-16,2015-11-16 10:00:00,2015-11-16 10:10:00,BUY,122.68,122.78,WIN,9.7,122.599,122.214,38.50000000000051,10,2015,11
2015-11-24,2015-11-24 10:05:00,2015-11-24 10:45:00,SELL,122.596,122.49600000000001,WIN,9.7,122.953,122.658,29.50000000000017,10,2015,11
2015-11-25,2015-11-25 12:15:00,2015-11-25 13:10:00,BUY,122.634,122.734,WIN,9.7,122.563,122.252,31.100000000000705,12,2015,11
2015-11-27,2015-11-27 08:05:00,2015-11-27 08:35:00,SELL,122.492,122.39200000000001,WIN,9.7,122.714,122.554,15.999999999999659,8,2015,11
2015-11-30,2015-11-30 10:45:00,2015-11-30 11:10:00,BUY,122.936,123.036,WIN,9.7,122.842,122.676,16.59999999999968,10,2015,11
2015-12-03,2015-12-03 07:00:00,2015-12-03 11:00:00,BUY,123.424,123.524,WIN,9.7,123.34,123.21,13.000000000000966,7,2015,12
2015-12-07,2015-12-07 10:25:00,2015-12-07 12:20:00,BUY,123.37,123.47,WIN,9.7,123.314,123.08,23.399999999999466,10,2015,12
2015-12-10,2015-12-10 10:20:00,2015-12-10 13:30:00,BUY,121.852,121.352,LOSS,-50.3,121.744,121.277,46.699999999999875,10,2015,12
2015-12-15,2015-12-15 07:35:00,2015-12-15 09:30:00,SELL,120.792,120.69200000000001,WIN,9.7,121.17,120.888,28.199999999999648,7,2015,12
2015-12-16,2015-12-16 09:40:00,2015-12-16 11:15:00,BUY,121.962,122.062,WIN,9.7,121.888,121.582,30.60000000000116,9,2015,12
2015-12-22,2015-12-22 10:55:00,2015-12-22 11:30:00,SELL,120.988,120.888,WIN,9.7,121.307,121.069,23.799999999999955,10,2015,12
2015-12-24,2015-12-24 07:15:00,2015-12-24 10:40:00,SELL,120.51,120.41000000000001,WIN,9.7,120.973,120.563,40.99999999999966,7,2015,12
2016-01-14,2016-01-14 08:10:00,2016-01-14 08:40:00,BUY,117.741,117.841,WIN,9.7,117.672,117.292,37.999999999999545,8,2016,1
2016-01-15,2016-01-15 06:15:00,2016-01-15 06:25:00,SELL,117.769,117.66900000000001,WIN,9.7,118.262,117.825,43.69999999999976,6,2016,1
2016-01-19,2016-01-19 07:35:00,2016-01-19 08:50:00,BUY,117.775,117.875,WIN,9.7,117.698,117.227,47.09999999999894,7,2016,1
2016-01-22,2016-01-22 07:10:00,2016-01-22 07:55:00,BUY,118.002,118.10199999999999,WIN,9.7,117.942,117.534,40.799999999998704,7,2016,1
2016-01-25,2016-01-25 10:15:00,2016-01-25 10:20:00,SELL,118.36,118.26,WIN,9.7,118.85,118.423,42.69999999999925,10,2016,1
2016-01-26,2016-01-26 08:10:00,2016-01-26 08:25:00,SELL,117.931,117.831,WIN,9.7,118.349,118.008,34.10000000000082,8,2016,1
2016-02-02,2016-02-02 07:20:00,2016-02-02 07:25:00,SELL,120.541,120.441,WIN,9.7,121.031,120.603,42.80000000000115,7,2016,2
2016-02-08,2016-02-08 06:40:00,2016-02-08 07:10:00,BUY,117.331,117.431,WIN,9.7,117.271,116.83,44.10000000000025,6,2016,2
2016-02-24,2016-02-24 06:30:00,2016-02-24 09:25:00,SELL,111.675,112.175,LOSS,-50.3,112.124,111.752,37.19999999999999,6,2016,2
2016-03-02,2016-03-02 08:40:00,2016-03-02 08:50:00,BUY,114.202,114.30199999999999,WIN,9.7,114.138,113.734,40.40000000000106,8,2016,3
2016-03-15,2016-03-15 06:45:00,2016-03-15 07:20:00,SELL,113.443,113.343,WIN,9.7,114.017,113.603,41.40000000000015,6,2016,3
2016-03-17,2016-03-17 07:10:00,2016-03-17 07:25:00,SELL,112.417,112.31700000000001,WIN,9.7,112.95,112.516,43.39999999999975,7,2016,3
2016-03-22,2016-03-22 10:50:00,2016-03-22 11:10:00,SELL,111.739,111.63900000000001,WIN,9.7,112.202,111.829,37.300000000000466,10,2016,3
2016-03-23,2016-03-23 11:05:00,2016-03-23 12:00:00,BUY,112.494,112.594,WIN,9.7,112.422,112.137,28.49999999999966,11,2016,3
2016-03-30,2016-03-30 08:10:00,2016-03-30 10:25:00,SELL,112.269,112.16900000000001,WIN,9.7,112.797,112.387,40.99999999999966,8,2016,3
2016-04-13,2016-04-13 08:15:00,2016-04-13 11:25:00,BUY,108.963,109.06299999999999,WIN,9.7,108.902,108.501,40.099999999999625,8,2016,4
2016-04-14,2016-04-14 11:00:00,2016-04-14 11:40:00,SELL,109.17,109.07000000000001,WIN,9.7,109.539,109.245,29.399999999999693,11,2016,4
2016-04-15,2016-04-15 10:40:00,2016-04-15 12:35:00,SELL,109.225,109.125,WIN,9.7,109.725,109.277,44.79999999999933,10,2016,4
2016-04-19,2016-04-19 11:55:00,2016-04-19 12:20:00,BUY,109.277,109.377,WIN,9.7,109.212,108.735,47.70000000000039,11,2016,4
2016-04-22,2016-04-22 07:30:00,2016-04-22 07:35:00,BUY,109.642,109.74199999999999,WIN,9.7,109.494,109.254,23.99999999999949,7,2016,4
2016-04-26,2016-04-26 09:05:00,2016-04-26 10:25:00,SELL,110.804,110.70400000000001,WIN,9.7,111.292,110.857,43.50000000000023,9,2016,4
2016-05-03,2016-05-03 07:35:00,2016-05-03 08:00:00,SELL,105.99,105.89,WIN,9.7,106.454,106.04,41.39999999999873,7,2016,5
2016-05-05,2016-05-05 11:15:00,2016-05-05 12:20:00,BUY,107.275,107.375,WIN,9.7,107.202,106.876,32.59999999999934,11,2016,5
2016-05-12,2016-05-12 06:55:00,2016-05-12 07:35:00,BUY,108.656,108.756,WIN,9.7,108.605,108.222,38.30000000000098,6,2016,5
2016-05-13,2016-05-13 09:10:00,2016-05-13 09:20:00,SELL,108.676,108.57600000000001,WIN,9.7,109.131,108.753,37.80000000000001,9,2016,5
2016-05-17,2016-05-17 08:55:00,2016-05-17 09:05:00,BUY,109.154,109.25399999999999,WIN,9.7,109.098,108.876,22.19999999999942,8,2016,5
2016-05-20,2016-05-20 08:40:00,2016-05-20 09:10:00,BUY,110.137,110.237,WIN,9.7,110.079,109.843,23.599999999999,8,2016,5
2016-05-24,2016-05-24 10:35:00,2016-05-24 11:05:00,BUY,109.514,109.61399999999999,WIN,9.7,109.455,109.195,26.00000000000051,10,2016,5
2016-05-31,2016-05-31 06:35:00,2016-05-31 07:10:00,BUY,111.235,111.335,WIN,9.7,111.147,110.789,35.80000000000041,6,2016,5
2016-06-01,2016-06-01 08:00:00,2016-06-01 08:25:00,SELL,110.056,109.956,WIN,9.7,110.825,110.413,41.200000000000614,8,2016,6
2016-06-03,2016-06-03 07:10:00,2016-06-03 07:25:00,SELL,108.68,108.58000000000001,WIN,9.7,109.129,108.739,39.00000000000006,7,2016,6
2016-06-14,2016-06-14 08:05:00,2016-06-14 09:45:00,SELL,105.87,105.77000000000001,WIN,9.7,106.414,105.93,48.399999999999466,8,2016,6
2016-07-08,2016-07-08 06:30:00,2016-07-08 06:45:00,SELL,100.587,100.48700000000001,WIN,9.7,100.962,100.639,32.30000000000075,6,2016,7
2016-07-11,2016-07-11 07:15:00,2016-07-11 07:40:00,BUY,100.956,101.056,WIN,9.7,100.866,100.525,34.0999999999994,7,2016,7
2016-07-20,2016-07-20 10:50:00,2016-07-20 11:50:00,BUY,106.37,106.47,WIN,9.7,106.255,105.823,43.200000000000216,10,2016,7
2016-08-03,2016-08-03 07:25:00,2016-08-03 13:10:00,SELL,100.792,101.292,LOSS,-50.3,101.34,100.849,49.099999999999966,7,2016,8
2016-08-08,2016-08-08 12:00:00,2016-08-08 12:20:00,BUY,102.308,102.408,WIN,9.7,102.251,101.852,39.90000000000009,12,2016,8
2016-08-11,2016-08-11 06:35:00,2016-08-11 06:55:00,BUY,101.365,101.46499999999999,WIN,9.7,101.294,101.002,29.20000000000016,6,2016,8
2016-08-15,2016-08-15 10:20:00,2016-08-15 11:55:00,SELL,101.061,100.96100000000001,WIN,9.7,101.447,101.112,33.500000000000796,10,2016,8
2016-08-30,2016-08-30 10:00:00,2016-08-30 10:25:00,BUY,102.288,102.38799999999999,WIN,9.7,102.235,101.744,49.099999999999966,10,2016,8
2016-09-01,2016-09-01 10:55:00,2016-09-01 13:30:00,BUY,103.567,103.66699999999999,WIN,9.7,103.434,103.056,37.80000000000001,10,2016,9
2016-09-02,2016-09-02 09:25:00,2016-09-02 09:40:00,BUY,103.478,103.57799999999999,WIN,9.7,103.427,103.124,30.30000000000115,9,2016,9
2016-09-06,2016-09-06 10:20:00,2016-09-06 13:20:00,SELL,103.297,103.197,WIN,9.7,103.799,103.358,44.10000000000025,10,2016,9
2016-09-12,2016-09-12 10:05:00,2016-09-12 11:50:00,SELL,102.198,102.098,WIN,9.7,102.661,102.295,36.599999999999966,10,2016,9
2016-09-19,2016-09-19 11:00:00,2016-09-19 11:05:00,SELL,101.885,101.78500000000001,WIN,9.7,102.407,102.011,39.60000000000008,11,2016,9
2016-09-20,2016-09-20 09:30:00,2016-09-20 09:55:00,SELL,101.723,101.623,WIN,9.7,102.057,101.783,27.40000000000009,9,2016,9
2016-09-22,2016-09-22 10:35:00,2016-09-22 10:50:00,BUY,100.56,100.66,WIN,9.7,100.466,100.091,37.5,10,2016,9
2016-09-26,2016-09-26 10:20:00,2016-09-26 10:40:00,SELL,100.623,100.52300000000001,WIN,9.7,101.049,100.702,34.70000000000084,10,2016,9
2016-09-28,2016-09-28 10:25:00,2016-09-28 11:05:00,BUY,100.711,100.81099999999999,WIN,9.7,100.655,100.253,40.2000000000001,10,2016,9
2016-09-30,2016-09-30 06:00:00,2016-09-30 07:50:00,BUY,101.71,101.21,LOSS,-50.3,101.241,100.909,33.19999999999936,6,2016,9
2016-10-05,2016-10-05 09:10:00,2016-10-05 12:30:00,BUY,102.981,103.08099999999999,WIN,9.7,102.925,102.662,26.299999999999102,9,2016,10
2016-10-10,2016-10-10 06:25:00,2016-10-10 13:40:00,SELL,102.831,103.331,LOSS,-50.3,103.323,102.883,43.99999999999977,6,2016,10
2016-10-14,2016-10-14 07:00:00,2016-10-14 08:10:00,BUY,104.034,104.134,WIN,9.7,103.968,103.602,36.599999999999966,7,2016,10
2016-10-18,2016-10-18 08:40:00,2016-10-18 10:05:00,BUY,103.98,104.08,WIN,9.7,103.911,103.674,23.699999999999477,8,2016,10
2016-10-19,2016-10-19 10:00:00,2016-10-19 10:20:00,SELL,103.564,103.464,WIN,9.7,103.941,103.644,29.699999999999704,10,2016,10
2016-10-21,2016-10-21 08:30:00,2016-10-21 08:50:00,SELL,103.845,103.745,WIN,9.7,104.199,103.908,29.09999999999968,8,2016,10
2016-11-01,2016-11-01 11:00:00,2016-11-01 11:30:00,BUY,104.984,105.08399999999999,WIN,9.7,104.89,104.652,23.799999999999955,11,2016,11
2016-11-16,2016-11-16 09:20:00,2016-11-16 09:25:00,BUY,109.318,109.41799999999999,WIN,9.7,109.188,108.775,41.29999999999967,9,2016,11
2016-12-12,2016-12-12 08:15:00,2016-12-12 09:50:00,BUY,115.691,115.791,WIN,9.7,115.61,115.15,45.999999999999375,8,2016,12
2016-12-13,2016-12-13 07:45:00,2016-12-13 10:40:00,BUY,115.308,115.408,WIN,9.7,115.205,114.73,47.49999999999943,7,2016,12
2017-01-03,2017-01-03 09:05:00,2017-01-03 09:15:00,BUY,117.617,117.717,WIN,9.7,117.523,117.196,32.69999999999982,9,2017,1
2017-01-09,2017-01-09 06:55:00,2017-01-09 11:25:00,BUY,117.489,116.989,LOSS,-50.3,117.433,116.995,43.80000000000024,6,2017,1
2017-01-17,2017-01-17 07:05:00,2017-01-17 07:20:00,SELL,113.736,113.63600000000001,WIN,9.7,114.274,113.825,44.89999999999981,7,2017,1
2017-01-26,2017-01-26 08:10:00,2017-01-26 08:35:00,BUY,113.547,113.64699999999999,WIN,9.7,113.452,113.042,40.99999999999966,8,2017,1
2017-02-07,2017-02-07 09:50:00,2017-02-07 10:00:00,BUY,112.056,112.15599999999999,WIN,9.7,111.953,111.585,36.80000000000092,9,2017,2
2017-02-14,2017-02-14 06:05:00,2017-02-14 07:35:00,SELL,113.473,113.373,WIN,9.7,113.804,113.527,27.700000000000102,6,2017,2
2017-02-17,2017-02-17 11:00:00,2017-02-17 11:25:00,SELL,113.011,112.911,WIN,9.7,113.495,113.166,32.90000000000077,11,2017,2
2017-02-22,2017-02-22 10:40:00,2017-02-22 11:20:00,SELL,113.256,113.156,WIN,9.7,113.724,113.322,40.2000000000001,10,2017,2
2017-02-24,2017-02-24 11:25:00,2017-02-24 12:25:00,SELL,112.506,112.406,WIN,9.7,112.95,112.573,37.700000000000955,11,2017,2
2017-02-28,2017-02-28 08:45:00,2017-02-28 13:05:00,SELL,112.333,112.233,WIN,9.7,112.814,112.434,37.999999999999545,8,2017,2
2017-03-09,2017-03-09 10:40:00,2017-03-09 10:45:00,BUY,114.669,114.76899999999999,WIN,9.7,114.588,114.299,28.899999999998727,10,2017,3
2017-03-10,2017-03-10 06:50:00,2017-03-10 08:20:00,BUY,115.338,115.43799999999999,WIN,9.7,115.249,114.885,36.39999999999901,6,2017,3
2017-03-14,2017-03-14 09:55:00,2017-03-14 10:20:00,BUY,115.03,115.13,WIN,9.7,114.974,114.753,22.100000000000364,9,2017,3
2017-03-16,2017-03-16 10:25:00,2017-03-16 10:40:00,SELL,113.029,112.929,WIN,9.7,113.54,113.147,39.30000000000007,10,2017,3
2017-03-22,2017-03-22 09:35:00,2017-03-22 11:45:00,SELL,111.332,111.232,WIN,9.7,111.787,111.422,36.50000000000091,9,2017,3
2017-03-23,2017-03-23 11:50:00,2017-03-23 12:55:00,SELL,111.05,110.95,WIN,9.7,111.573,111.141,43.199999999998795,11,2017,3
2017-04-06,2017-04-06 12:00:00,2017-04-06 13:55:00,BUY,110.804,110.904,WIN,9.7,110.727,110.284,44.299999999999784,12,2017,4
2017-04-14,2017-04-14 08:25:00,2017-04-14 08:50:00,SELL,108.998,108.89800000000001,WIN,9.7,109.218,109.066,15.200000000000102,8,2017,4
2017-04-19,2017-04-19 10:00:00,2017-04-19 10:15:00,BUY,108.785,108.88499999999999,WIN,9.7,108.678,108.373,30.49999999999926,10,2017,4
2017-05-02,2017-05-02 09:00:00,2017-05-02 09:50:00,BUY,112.04,112.14,WIN,9.7,111.972,111.774,19.79999999999933,9,2017,5
2017-05-05,2017-05-05 06:35:00,2017-05-05 06:40:00,SELL,112.35,112.25,WIN,9.7,112.648,112.436,21.19999999999891,6,2017,5
2017-05-08,2017-05-08 12:40:00,2017-05-08 13:10:00,SELL,112.531,112.43100000000001,WIN,9.7,112.955,112.591,36.40000000000043,12,2017,5
2017-05-09,2017-05-09 09:20:00,2017-05-09 10:00:00,BUY,113.437,113.53699999999999,WIN,9.7,113.375,113.128,24.69999999999999,9,2017,5
2017-05-15,2017-05-15 09:20:00,2017-05-15 09:55:00,BUY,113.503,113.603,WIN,9.7,113.451,113.137,31.399999999999295,9,2017,5
2017-05-25,2017-05-25 09:55:00,2017-05-25 10:45:00,BUY,111.747,111.847,WIN,9.7,111.693,111.473,21.999999999999886,9,2017,5
2017-05-26,2017-05-26 08:00:00,2017-05-26 09:45:00,SELL,111.444,111.34400000000001,WIN,9.7,111.848,111.54,30.799999999999272,8,2017,5
2017-06-07,2017-06-07 10:20:00,2017-06-07 11:50:00,SELL,109.239,109.13900000000001,WIN,9.7,109.592,109.302,28.999999999999204,10,2017,6
2017-06-08,2017-06-08 08:00:00,2017-06-08 08:25:00,SELL,109.651,109.551,WIN,9.7,110.006,109.724,28.199999999999648,8,2017,6
2017-06-12,2017-06-12 11:15:00,2017-06-12 11:45:00,SELL,110.047,109.947,WIN,9.7,110.435,110.148,28.700000000000614,11,2017,6
2017-06-13,2017-06-13 10:15:00,2017-06-13 10:50:00,BUY,110.159,110.259,WIN,9.7,110.102,109.767,33.500000000000796,10,2017,6
2017-06-14,2017-06-14 10:50:00,2017-06-14 13:05:00,BUY,110.185,110.285,WIN,9.7,110.127,109.947,17.99999999999926,10,2017,6
2017-06-21,2017-06-21 10:10:00,2017-06-21 10:35:00,SELL,111.182,111.08200000000001,WIN,9.7,111.484,111.24,24.399999999999977,10,2017,6
2017-06-26,2017-06-26 10:00:00,2017-06-26 11:00:00,BUY,111.449,111.54899999999999,WIN,9.7,111.342,111.115,22.700000000000387,10,2017,6
2017-06-27,2017-06-27 08:15:00,2017-06-27 09:15:00,SELL,111.76,111.66000000000001,WIN,9.7,112.069,111.816,25.30000000000001,8,2017,6
2017-07-03,2017-07-03 06:50:00,2017-07-03 09:05:00,BUY,112.501,112.601,WIN,9.7,112.437,112.09,34.69999999999942,6,2017,7
2017-07-04,2017-07-04 08:10:00,2017-07-04 08:30:00,SELL,113.025,112.92500000000001,WIN,9.7,113.445,113.124,32.099999999999795,8,2017,7
2017-07-06,2017-07-06 10:20:00,2017-07-06 12:55:00,BUY,113.354,113.454,WIN,9.7,113.3,112.954,34.600000000000364,10,2017,7
2017-07-11,2017-07-11 07:50:00,2017-07-11 08:15:00,BUY,114.334,114.434,WIN,9.7,114.255,114.024,23.099999999999454,7,2017,7
2017-07-20,2017-07-20 06:50:00,2017-07-20 10:35:00,BUY,112.159,112.259,WIN,9.7,112.063,111.765,29.800000000000182,6,2017,7
2017-07-21,2017-07-21 09:15:00,2017-07-21 12:50:00,SELL,111.738,111.638,WIN,9.7,112.066,111.798,26.800000000000068,9,2017,7
2017-07-25,2017-07-25 07:10:00,2017-07-25 09:05:00,SELL,110.958,110.858,WIN,9.7,111.335,111.013,32.19999999999885,7,2017,7
2017-07-27,2017-07-27 06:35:00,2017-07-27 11:20:00,SELL,110.79,111.29,LOSS,-50.3,111.212,110.867,34.499999999999886,6,2017,7
2017-08-02,2017-08-02 06:55:00,2017-08-02 07:00:00,BUY,110.671,110.771,WIN,9.7,110.594,110.3,29.399999999999693,6,2017,8
2017-08-08,2017-08-08 12:35:00,2017-08-08 13:45:00,SELL,110.514,110.414,WIN,9.7,110.805,110.565,24.00000000000091,12,2017,8
2017-08-14,2017-08-14 06:55:00,2017-08-14 07:10:00,BUY,109.515,109.615,WIN,9.7,109.446,109.028,41.799999999999216,6,2017,8
2017-08-16,2017-08-16 10:00:00,2017-08-16 11:25:00,BUY,110.831,110.931,WIN,9.7,110.765,110.536,22.89999999999992,10,2017,8
2017-08-18,2017-08-18 09:40:00,2017-08-18 10:00:00,SELL,109.227,109.12700000000001,WIN,9.7,109.567,109.288,27.899999999999636,9,2017,8
2017-08-21,2017-08-21 09:15:00,2017-08-21 10:00:00,SELL,109.106,109.006,WIN,9.7,109.415,109.168,24.69999999999999,9,2017,8
2017-08-24,2017-08-24 09:50:00,2017-08-24 11:40:00,BUY,109.289,109.389,WIN,9.7,109.233,108.841,39.20000000000101,9,2017,8
2017-08-30,2017-08-30 09:15:00,2017-08-30 09:35:00,BUY,109.993,110.09299999999999,WIN,9.7,109.91,109.534,37.599999999999056,9,2017,8
2017-09-08,2017-09-08 08:00:00,2017-09-08 08:05:00,SELL,107.953,107.85300000000001,WIN,9.7,108.479,108.038,44.10000000000025,8,2017,9
2017-09-12,2017-09-12 11:15:00,2017-09-12 13:45:00,BUY,109.697,109.797,WIN,9.7,109.578,109.232,34.600000000000364,11,2017,9
2017-09-19,2017-09-19 07:45:00,2017-09-19 08:15:00,BUY,111.65,111.75,WIN,9.7,111.593,111.366,22.700000000000387,7,2017,9
2017-09-20,2017-09-20 09:10:00,2017-09-20 12:40:00,SELL,111.354,111.254,WIN,9.7,111.64,111.438,20.199999999999818,9,2017,9
2017-09-25,2017-09-25 12:15:00,2017-09-25 12:45:00,SELL,112.059,111.959,WIN,9.7,112.522,112.111,41.100000000000136,12,2017,9
2017-09-27,2017-09-27 09:40:00,2017-09-27 10:05:00,BUY,112.608,112.708,WIN,9.7,112.536,112.212,32.39999999999981,9,2017,9
2017-09-28,2017-09-28 06:45:00,2017-09-28 09:00:00,BUY,113.068,113.16799999999999,WIN,9.7,112.92,112.705,21.50000000000034,6,2017,9
2017-10-04,2017-10-04 13:10:00,2017-10-04 13:50:00,SELL,112.445,112.345,WIN,9.7,112.897,112.501,39.60000000000008,13,2017,10
2017-10-10,2017-10-10 09:35:00,2017-10-10 11:00:00,SELL,112.52,112.42,WIN,9.7,112.82,112.599,22.099999999998943,9,2017,10
2017-10-18,2017-10-18 08:15:00,2017-10-18 09:50:00,BUY,112.294,112.39399999999999,WIN,9.7,112.238,112.128,10.999999999999943,8,2017,10
2017-10-19,2017-10-19 10:40:00,2017-10-19 10:55:00,SELL,112.779,112.679,WIN,9.7,113.085,112.871,21.399999999999864,10,2017,10
2017-10-24,2017-10-24 09:05:00,2017-10-24 10:10:00,BUY,113.55,113.64999999999999,WIN,9.7,113.483,113.24,24.30000000000092,9,2017,10
2017-10-25,2017-10-25 11:50:00,2017-10-25 12:20:00,BUY,114.069,114.169,WIN,9.7,113.969,113.742,22.699999999998965,11,2017,10
2017-10-31,2017-10-31 12:30:00,2017-10-31 13:40:00,BUY,113.261,113.36099999999999,WIN,9.7,113.195,112.971,22.399999999998954,12,2017,10
2017-11-07,2017-11-07 06:45:00,2017-11-07 08:50:00,BUY,113.988,114.088,WIN,9.7,113.932,113.683,24.899999999999523,6,2017,11
2017-11-09,2017-11-09 07:05:00,2017-11-09 07:25:00,SELL,113.72,113.62,WIN,9.7,114.061,113.792,26.900000000000546,7,2017,11
2017-11-13,2017-11-13 08:10:00,2017-11-13 13:15:00,SELL,113.379,113.27900000000001,WIN,9.7,113.707,113.442,26.500000000000057,8,2017,11
2017-11-14,2017-11-14 10:00:00,2017-11-14 10:20:00,BUY,113.781,113.881,WIN,9.7,113.718,113.546,17.199999999999704,10,2017,11
2017-11-15,2017-11-15 09:20:00,2017-11-15 10:05:00,SELL,112.91,112.81,WIN,9.7,113.489,113.027,46.20000000000033,9,2017,11
2017-11-16,2017-11-16 06:45:00,2017-11-16 09:15:00,BUY,113.093,113.193,WIN,9.7,113.038,112.752,28.600000000000136,6,2017,11
2017-11-22,2017-11-22 08:10:00,2017-11-22 09:45:00,SELL,112.134,112.034,WIN,9.7,112.487,112.187,29.999999999999716,8,2017,11
2017-11-27,2017-11-27 10:00:00,2017-11-27 10:20:00,SELL,111.281,111.18100000000001,WIN,9.7,111.685,111.332,35.300000000000864,10,2017,11
2017-11-30,2017-11-30 08:05:00,2017-11-30 09:30:00,BUY,112.164,112.264,WIN,9.7,112.107,111.857,25.0,8,2017,11
2017-12-06,2017-12-06 06:30:00,2017-12-06 09:20:00,SELL,112.12,112.02000000000001,WIN,9.7,112.625,112.179,44.599999999999795,6,2017,12
2017-12-07,2017-12-07 08:30:00,2017-12-07 10:50:00,BUY,112.558,112.658,WIN,9.7,112.48,112.212,26.800000000000068,8,2017,12
2017-12-08,2017-12-08 08:40:00,2017-12-08 10:15:00,BUY,113.433,113.533,WIN,9.7,113.382,113.07,31.200000000001182,8,2017,12
2017-12-21,2017-12-21 09:15:00,2017-12-21 10:00:00,BUY,113.501,113.601,WIN,9.7,113.444,113.193,25.100000000000477,9,2017,12
2017-12-28,2017-12-28 06:35:00,2017-12-28 07:25:00,SELL,113.055,112.95500000000001,WIN,9.7,113.339,113.107,23.199999999999932,6,2017,12
2017-12-29,2017-12-29 10:25:00,2017-12-29 13:00:00,SELL,112.609,112.509,WIN,9.7,112.964,112.679,28.49999999999966,10,2017,12
2018-01-02,2018-01-02 10:25:00,2018-01-02 10:40:00,SELL,112.496,112.396,WIN,9.7,112.785,112.564,22.100000000000364,10,2018,1
2018-01-05,2018-01-05 07:00:00,2018-01-05 08:05:00,BUY,112.922,113.02199999999999,WIN,9.7,112.845,112.71,13.500000000000512,7,2018,1
2018-01-08,2018-01-08 07:35:00,2018-01-08 09:55:00,BUY,113.248,113.348,WIN,9.7,113.194,113.007,18.69999999999976,7,2018,1
2018-01-19,2018-01-19 09:50:00,2018-01-19 10:25:00,SELL,110.722,110.622,WIN,9.7,111.122,110.778,34.39999999999941,9,2018,1
2018-01-23,2018-01-23 08:40:00,2018-01-23 12:10:00,BUY,111.119,110.619,LOSS,-50.3,111.022,110.543,47.89999999999992,8,2018,1
2018-01-24,2018-01-24 10:45:00,2018-01-24 11:20:00,SELL,109.716,109.616,WIN,9.7,110.329,109.872,45.69999999999936,10,2018,1
2018-01-26,2018-01-26 08:15:00,2018-01-26 08:40:00,SELL,109.252,109.152,WIN,9.7,109.763,109.326,43.70000000000118,8,2018,1
2018-01-30,2018-01-30 06:15:00,2018-01-30 08:10:00,SELL,108.705,108.605,WIN,9.7,109.198,108.76,43.79999999999882,6,2018,1
2018-02-01,2018-02-01 08:10:00,2018-02-01 09:05:00,BUY,109.468,109.568,WIN,9.7,109.407,109.088,31.90000000000026,8,2018,2
2018-02-02,2018-02-02 08:30:00,2018-02-02 11:30:00,BUY,109.763,109.863,WIN,9.7,109.691,109.272,41.89999999999969,8,2018,2
2018-02-07,2018-02-07 07:15:00,2018-02-07 09:30:00,SELL,109.183,109.08300000000001,WIN,9.7,109.703,109.249,45.40000000000077,7,2018,2
2018-02-08,2018-02-08 06:25:00,2018-02-08 07:05:00,BUY,109.519,109.619,WIN,9.7,109.421,109.111,31.000000000000227,6,2018,2
2018-02-13,2018-02-13 06:20:00,2018-02-13 06:35:00,SELL,108.486,108.38600000000001,WIN,9.7,108.773,108.566,20.699999999999363,6,2018,2
2018-02-16,2018-02-16 06:05:00,2018-02-16 06:10:00,SELL,105.773,105.673,WIN,9.7,106.345,106.006,33.899999999999864,6,2018,2
2018-02-19,2018-02-19 06:40:00,2018-02-19 08:20:00,BUY,106.431,106.53099999999999,WIN,9.7,106.362,106.088,27.40000000000009,6,2018,2
2018-02-20,2018-02-20 08:00:00,2018-02-20 10:00:00,BUY,106.912,107.012,WIN,9.7,106.857,106.553,30.400000000000205,8,2018,2
2018-03-02,2018-03-02 07:50:00,2018-03-02 08:30:00,SELL,105.833,105.733,WIN,9.7,106.289,105.927,36.19999999999948,7,2018,3
2018-03-06,2018-03-06 09:35:00,2018-03-06 11:25:00,SELL,106.07,105.97,WIN,9.7,106.457,106.15,30.699999999998795,9,2018,3
2018-03-13,2018-03-13 06:45:00,2018-03-13 07:15:00,BUY,106.559,106.65899999999999,WIN,9.7,106.463,106.248,21.49999999999892,6,2018,3
2018-03-16,2018-03-16 10:30:00,2018-03-16 10:40:00,SELL,105.811,105.71100000000001,WIN,9.7,106.37,105.877,49.30000000000092,10,2018,3
2018-03-20,2018-03-20 10:15:00,2018-03-20 10:30:00,BUY,106.443,106.54299999999999,WIN,9.7,106.298,105.922,37.60000000000048,10,2018,3
2018-03-21,2018-03-21 10:05:00,2018-03-21 11:40:00,SELL,106.376,106.27600000000001,WIN,9.7,106.542,106.434,10.80000000000041,10,2018,3
2018-03-28,2018-03-28 09:30:00,2018-03-28 13:25:00,BUY,105.713,105.81299999999999,WIN,9.7,105.661,105.318,34.30000000000035,9,2018,3
2018-04-03,2018-04-03 09:15:00,2018-04-03 11:05:00,BUY,106.01,106.11,WIN,9.7,105.946,105.685,26.099999999999568,9,2018,4
2018-04-04,2018-04-04 10:45:00,2018-04-04 10:55:00,SELL,106.289,106.18900000000001,WIN,9.7,106.65,106.402,24.800000000000466,10,2018,4
2018-04-09,2018-04-09 09:30:00,2018-04-09 13:00:00,BUY,107.088,107.18799999999999,WIN,9.7,107.033,106.796,23.699999999999477,9,2018,4
2018-04-12,2018-04-12 13:15:00,2018-04-12 13:30:00,BUY,107.001,107.101,WIN,9.7,106.928,106.694,23.399999999999466,13,2018,4
2018-04-13,2018-04-13 09:00:00,2018-04-13 09:45:00,BUY,107.544,107.64399999999999,WIN,9.7,107.474,107.197,27.700000000000102,9,2018,4
2018-04-23,2018-04-23 11:40:00,2018-04-23 12:15:00,BUY,107.94,108.03999999999999,WIN,9.7,107.881,107.655,22.59999999999991,11,2018,4
2018-04-25,2018-04-25 09:10:00,2018-04-25 10:55:00,BUY,109.12,109.22,WIN,9.7,109.056,108.778,27.79999999999916,9,2018,4
2018-05-01,2018-05-01 09:15:00,2018-05-01 11:20:00,BUY,109.41,109.50999999999999,WIN,9.7,109.357,109.228,12.900000000000489,9,2018,5
2018-05-03,2018-05-03 12:20:00,2018-05-03 13:50:00,SELL,109.492,109.39200000000001,WIN,9.7,109.876,109.562,31.400000000000716,12,2018,5
2018-05-14,2018-05-14 09:45:00,2018-05-14 10:30:00,BUY,109.452,109.55199999999999,WIN,9.7,109.397,109.201,19.600000000001216,9,2018,5
2018-05-15,2018-05-15 07:35:00,2018-05-15 09:10:00,BUY,109.856,109.95599999999999,WIN,9.7,109.786,109.642,14.400000000000546,7,2018,5
2018-05-17,2018-05-17 09:15:00,2018-05-17 10:40:00,BUY,110.511,110.61099999999999,WIN,9.7,110.393,110.065,32.800000000000296,9,2018,5
2018-05-21,2018-05-21 06:35:00,2018-05-21 07:10:00,BUY,111.114,111.214,WIN,9.7,111.064,110.815,24.899999999999523,6,2018,5
2018-06-06,2018-06-06 09:55:00,2018-06-06 10:00:00,BUY,110.015,110.115,WIN,9.7,109.934,109.769,16.499999999999204,9,2018,6
2018-06-08,2018-06-08 09:45:00,2018-06-08 10:00:00,SELL,109.516,109.41600000000001,WIN,9.7,109.845,109.599,24.59999999999951,9,2018,6
2018-06-11,2018-06-11 07:35:00,2018-06-11 09:05:00,BUY,109.793,109.893,WIN,9.7,109.738,109.273,46.50000000000034,7,2018,6
2018-06-14,2018-06-14 08:55:00,2018-06-14 10:45:00,SELL,110.02,109.92,WIN,9.7,110.361,110.076,28.50000000000108,8,2018,6
2018-06-15,2018-06-15 08:35:00,2018-06-15 11:10:00,BUY,110.881,110.381,LOSS,-50.3,110.791,110.448,34.30000000000035,8,2018,6
2018-07-10,2018-07-10 07:20:00,2018-07-10 12:40:00,BUY,111.104,111.204,WIN,9.7,111.046,110.77,27.600000000001046,7,2018,7
2018-07-12,2018-07-12 12:00:00,2018-07-12 13:30:00,BUY,112.427,112.527,WIN,9.7,112.339,111.907,43.200000000000216,12,2018,7
2018-07-19,2018-07-19 10:10:00,2018-07-19 10:55:00,BUY,112.929,113.029,WIN,9.7,112.873,112.644,22.89999999999992,10,2018,7
2018-07-31,2018-07-31 07:05:00,2018-07-31 11:50:00,BUY,111.388,111.488,WIN,9.7,111.102,110.899,20.300000000000296,7,2018,7
2018-08-01,2018-08-01 06:45:00,2018-08-01 09:05:00,BUY,111.956,112.056,WIN,9.7,111.895,111.695,20.000000000000284,6,2018,8
2018-08-08,2018-08-08 09:05:00,2018-08-08 09:45:00,SELL,111.208,111.108,WIN,9.7,111.432,111.294,13.800000000000523,9,2018,8
2018-08-09,2018-08-09 09:30:00,2018-08-09 11:50:00,BUY,111.024,111.124,WIN,9.7,110.972,110.7,27.199999999999136,9,2018,8
2018-08-14,2018-08-14 09:10:00,2018-08-14 09:45:00,BUY,110.921,111.021,WIN,9.7,110.86,110.58,28.000000000000114,9,2018,8
2018-08-17,2018-08-17 11:05:00,2018-08-17 12:35:00,SELL,110.681,110.581,WIN,9.7,111.047,110.737,31.000000000000227,11,2018,8
2018-08-21,2018-08-21 10:55:00,2018-08-21 12:35:00,BUY,110.159,110.259,WIN,9.7,110.094,109.767,32.69999999999982,10,2018,8
2018-08-31,2018-08-31 10:15:00,2018-08-31 10:25:00,SELL,110.81,110.71000000000001,WIN,9.7,111.063,110.875,18.80000000000024,10,2018,8
2018-09-04,2018-09-04 08:55:00,2018-09-04 09:05:00,BUY,111.198,111.29799999999999,WIN,9.7,111.145,110.894,25.099999999999056,8,2018,9
2018-09-18,2018-09-18 09:10:00,2018-09-18 09:15:00,BUY,112.058,112.158,WIN,9.7,111.978,111.657,32.099999999999795,9,2018,9
2018-09-21,2018-09-21 06:50:00,2018-09-21 09:40:00,BUY,112.758,112.85799999999999,WIN,9.7,112.694,112.419,27.50000000000057,6,2018,9
2018-10-02,2018-10-02 09:10:00,2018-10-02 11:45:00,SELL,113.763,113.66300000000001,WIN,9.7,114.009,113.816,19.299999999999784,9,2018,10
2018-10-08,2018-10-08 11:30:00,2018-10-08 11:35:00,SELL,113.5,113.4,WIN,9.7,113.935,113.644,29.09999999999968,11,2018,10
2018-10-12,2018-10-12 06:50:00,2018-10-12 09:40:00,BUY,112.377,112.47699999999999,WIN,9.7,112.31,111.997,31.30000000000024,6,2018,10
2018-10-15,2018-10-15 09:10:00,2018-10-15 10:00:00,SELL,111.863,111.763,WIN,9.7,112.228,111.929,29.89999999999924,9,2018,10
2018-10-22,2018-10-22 08:45:00,2018-10-22 11:30:00,BUY,112.666,112.76599999999999,WIN,9.7,112.61,112.342,26.800000000000068,8,2018,10
2018-10-23,2018-10-23 07:25:00,2018-10-23 09:25:00,SELL,112.497,112.397,WIN,9.7,112.833,112.549,28.39999999999918,7,2018,10
2018-10-26,2018-10-26 06:20:00,2018-10-26 10:30:00,SELL,112.15,112.05000000000001,WIN,9.7,112.437,112.229,20.79999999999984,6,2018,10
2018-10-29,2018-10-29 12:30:00,2018-10-29 13:25:00,BUY,112.116,112.216,WIN,9.7,112.038,111.768,26.999999999999602,12,2018,10
2018-11-02,2018-11-02 07:45:00,2018-11-02 08:00:00,BUY,112.931,113.03099999999999,WIN,9.7,112.842,112.552,28.999999999999204,7,2018,11
2018-11-12,2018-11-12 08:35:00,2018-11-12 08:40:00,BUY,114.082,114.18199999999999,WIN,9.7,114.026,113.761,26.500000000000057,8,2018,11
2018-11-21,2018-11-21 12:05:00,2018-11-21 12:40:00,BUY,112.988,113.088,WIN,9.7,112.931,112.637,29.399999999999693,12,2018,11
2018-12-04,2018-12-04 06:30:00,2018-12-04 06:45:00,SELL,113.195,113.095,WIN,9.7,113.647,113.27,37.700000000000955,6,2018,12
2018-12-18,2018-12-18 11:00:00,2018-12-18 11:25:00,SELL,112.423,112.32300000000001,WIN,9.7,112.847,112.489,35.79999999999899,11,2018,12
2018-12-20,2018-12-20 06:05:00,2018-12-20 07:30:00,SELL,112.286,112.186,WIN,9.7,112.597,112.34,25.69999999999908,6,2018,12
2018-12-27,2018-12-27 10:05:00,2018-12-27 12:50:00,SELL,110.834,110.73400000000001,WIN,9.7,111.331,110.894,43.69999999999976,10,2018,12
2018-12-28,2018-12-28 09:10:00,2018-12-28 09:55:00,SELL,110.455,110.355,WIN,9.7,111.002,110.515,48.69999999999948,9,2018,12
2018-12-31,2018-12-31 10:15:00,2018-12-31 10:25:00,SELL,110.133,110.033,WIN,9.7,110.468,110.196,27.200000000000557,10,2018,12
2019-01-02,2019-01-02 08:05:00,2019-01-02 10:25:00,SELL,109.2,109.10000000000001,WIN,9.7,109.719,109.33,38.89999999999958,8,2019,1
2019-01-08,2019-01-08 06:00:00,2019-01-08 09:20:00,BUY,108.971,109.071,WIN,9.7,108.911,108.506,40.500000000000114,6,2019,1
2019-01-16,2019-01-16 12:40:00,2019-01-16 13:30:00,BUY,108.757,108.857,WIN,9.7,108.701,108.363,33.799999999999386,12,2019,1
2019-01-18,2019-01-18 09:10:00,2019-01-18 11:05:00,BUY,109.447,109.547,WIN,9.7,109.391,109.049,34.199999999999875,9,2019,1
2019-01-31,2019-01-31 07:45:00,2019-01-31 11:30:00,SELL,108.71,108.61,WIN,9.7,109.058,108.764,29.400000000001114,7,2019,1
2019-02-04,2019-02-04 06:30:00,2019-02-04 08:35:00,BUY,109.683,109.783,WIN,9.7,109.632,109.426,20.600000000000307,6,2019,2
2019-02-11,2019-02-11 10:45:00,2019-02-11 11:00:00,BUY,110.043,110.143,WIN,9.7,109.978,109.714,26.39999999999958,10,2019,2
2019-02-19,2019-02-19 08:40:00,2019-02-19 10:50:00,BUY,110.672,110.77199999999999,WIN,9.7,110.618,110.445,17.300000000000182,8,2019,2
2019-03-01,2019-03-01 08:55:00,2019-03-01 10:45:00,BUY,111.818,111.91799999999999,WIN,9.7,111.762,111.317,44.50000000000074,8,2019,3
2019-03-08,2019-03-08 06:30:00,2019-03-08 07:30:00,SELL,111.281,111.18100000000001,WIN,9.7,111.645,111.336,30.89999999999975,6,2019,3
2019-03-14,2019-03-14 06:15:00,2019-03-14 11:25:00,BUY,111.587,111.687,WIN,9.7,111.501,111.113,38.80000000000052,6,2019,3
2019-03-21,2019-03-21 06:05:00,2019-03-21 10:45:00,SELL,110.49,110.39,WIN,9.7,110.74,110.54,19.999999999998863,6,2019,3
2019-03-22,2019-03-22 11:40:00,2019-03-22 13:20:00,SELL,110.561,110.46100000000001,WIN,9.7,110.891,110.646,24.500000000000455,11,2019,3
2019-04-30,2019-04-30 08:00:00,2019-04-30 09:25:00,SELL,111.49,111.39,WIN,9.7,111.682,111.548,13.400000000000034,8,2019,4
2019-05-09,2019-05-09 10:15:00,2019-05-09 10:20:00,SELL,109.761,109.661,WIN,9.7,110.102,109.828,27.40000000000009,10,2019,5
2019-05-15,2019-05-15 11:45:00,2019-05-15 12:40:00,SELL,109.443,109.343,WIN,9.7,109.683,109.516,16.70000000000016,11,2019,5
2019-05-17,2019-05-17 06:20:00,2019-05-17 08:25:00,SELL,109.737,109.637,WIN,9.7,110.027,109.808,21.89999999999941,6,2019,5
2019-05-28,2019-05-28 10:15:00,2019-05-28 11:20:00,SELL,109.36,109.26,WIN,9.7,109.623,109.424,19.899999999999807,10,2019,5
2019-05-30,2019-05-30 07:50:00,2019-05-30 10:20:00,BUY,109.693,109.79299999999999,WIN,9.7,109.633,109.469,16.400000000000148,7,2019,5
2019-05-31,2019-05-31 07:50:00,2019-05-31 08:20:00,SELL,108.994,108.894,WIN,9.7,109.615,109.117,49.799999999999045,7,2019,5
2019-06-12,2019-06-12 09:00:00,2019-06-12 11:10:00,SELL,108.362,108.262,WIN,9.7,108.558,108.435,12.300000000000466,9,2019,6
2019-06-19,2019-06-19 07:00:00,2019-06-19 09:30:00,SELL,108.358,108.25800000000001,WIN,9.7,108.611,108.428,18.300000000000693,7,2019,6
2019-06-25,2019-06-25 06:50:00,2019-06-25 07:35:00,SELL,106.924,106.82400000000001,WIN,9.7,107.403,107.021,38.2000000000005,6,2019,6
2019-07-05,2019-07-05 09:40:00,2019-07-05 10:55:00,BUY,107.945,108.04499999999999,WIN,9.7,107.876,107.774,10.200000000000387,9,2019,7
2019-08-12,2019-08-12 11:20:00,2019-08-12 12:15:00,SELL,105.252,105.152,WIN,9.7,105.685,105.305,37.999999999999545,11,2019,8
2019-08-15,2019-08-15 09:35:00,2019-08-15 12:00:00,BUY,106.437,105.937,LOSS,-50.3,106.027,105.72,30.700000000000216,9,2019,8
2019-08-16,2019-08-16 12:00:00,2019-08-16 12:10:00,BUY,106.331,106.431,WIN,9.7,106.267,106.016,25.099999999999056,12,2019,8
2019-08-19,2019-08-19 11:10:00,2019-08-19 11:20:00,BUY,106.551,106.651,WIN,9.7,106.466,106.234,23.199999999999932,11,2019,8
2019-08-20,2019-08-20 09:15:00,2019-08-20 12:10:00,SELL,106.45,106.35000000000001,WIN,9.7,106.685,106.505,18.000000000000682,9,2019,8
2019-08-22,2019-08-22 09:00:00,2019-08-22 12:20:00,SELL,106.351,106.251,WIN,9.7,106.647,106.413,23.400000000000887,9,2019,8
2019-08-29,2019-08-29 11:15:00,2019-08-29 11:35:00,BUY,106.17,106.27,WIN,9.7,106.117,105.822,29.50000000000017,11,2019,8
2019-09-02,2019-09-02 12:05:00,2019-09-02 13:35:00,BUY,106.288,106.38799999999999,WIN,9.7,106.235,105.913,32.20000000000027,12,2019,9
2019-09-03,2019-09-03 10:10:00,2019-09-03 10:40:00,SELL,106.106,106.006,WIN,9.7,106.378,106.161,21.699999999999875,10,2019,9
2019-09-04,2019-09-04 09:05:00,2019-09-04 09:10:00,BUY,106.126,106.226,WIN,9.7,106.063,105.822,24.099999999999966,9,2019,9
2019-09-19,2019-09-19 06:10:00,2019-09-19 06:35:00,SELL,107.936,107.83600000000001,WIN,9.7,108.466,107.987,47.89999999999992,6,2019,9
2019-09-23,2019-09-23 10:30:00,2019-09-23 11:35:00,SELL,107.543,107.44300000000001,WIN,9.7,107.749,107.601,14.799999999999613,10,2019,9
2019-09-27,2019-09-27 11:55:00,2019-09-27 13:10:00,BUY,107.908,108.008,WIN,9.7,107.843,107.661,18.200000000000216,11,2019,9
2019-10-01,2019-10-01 07:25:00,2019-10-01 10:25:00,BUY,108.28,108.38,WIN,9.7,108.221,108.037,18.39999999999975,7,2019,10
2019-10-08,2019-10-08 11:50:00,2019-10-08 13:05:00,SELL,107.12,107.02000000000001,WIN,9.7,107.404,107.197,20.699999999999363,11,2019,10
2019-10-09,2019-10-09 10:35:00,2019-10-09 12:10:00,BUY,107.249,107.34899999999999,WIN,9.7,107.198,106.926,27.199999999999136,10,2019,10
2019-10-11,2019-10-11 13:05:00,2019-10-11 13:55:00,BUY,108.18,108.28,WIN,9.7,108.123,107.839,28.400000000000603,13,2019,10
2019-10-31,2019-10-31 12:00:00,2019-10-31 12:05:00,SELL,108.523,108.423,WIN,9.7,108.89,108.578,31.19999999999976,12,2019,10
2019-11-07,2019-11-07 09:30:00,2019-11-07 12:25:00,BUY,109.036,109.136,WIN,9.7,108.963,108.641,32.19999999999885,9,2019,11
2019-11-18,2019-11-18 09:15:00,2019-11-18 12:00:00,BUY,108.91,109.00999999999999,WIN,9.7,108.849,108.662,18.69999999999976,9,2019,11
2020-01-09,2020-01-09 09:30:00,2020-01-09 11:50:00,BUY,109.303,109.40299999999999,WIN,9.7,109.248,109.005,24.30000000000092,9,2020,1
2020-01-13,2020-01-13 10:55:00,2020-01-13 11:00:00,BUY,109.686,109.786,WIN,9.7,109.63,109.496,13.400000000000034,10,2020,1
2020-02-04,2020-02-04 07:35:00,2020-02-04 09:50:00,BUY,108.839,108.939,WIN,9.7,108.776,108.542,23.399999999999466,7,2020,2
2020-02-13,2020-02-13 09:55:00,2020-02-13 12:10:00,SELL,109.722,109.622,WIN,9.7,110.083,109.796,28.699999999999193,9,2020,2
2020-02-19,2020-02-19 10:40:00,2020-02-19 12:15:00,BUY,110.16,110.25999999999999,WIN,9.7,110.107,109.841,26.600000000000534,10,2020,2
2020-02-20,2020-02-20 08:50:00,2020-02-20 09:15:00,BUY,111.538,111.63799999999999,WIN,9.7,111.486,111.105,38.10000000000002,8,2020,2
2020-02-21,2020-02-21 09:20:00,2020-02-21 09:40:00,SELL,111.855,111.75500000000001,WIN,9.7,112.179,111.916,26.300000000000523,9,2020,2
2020-02-25,2020-02-25 10:35:00,2020-02-25 11:05:00,SELL,110.57,110.47,WIN,9.7,111.036,110.62,41.59999999999968,10,2020,2
2020-02-27,2020-02-27 06:50:00,2020-02-27 07:40:00,SELL,110.076,109.976,WIN,9.7,110.45,110.179,27.10000000000008,6,2020,2
2020-03-05,2020-03-05 11:00:00,2020-03-05 11:05:00,SELL,107.177,107.07700000000001,WIN,9.7,107.734,107.256,47.79999999999944,11,2020,3
2020-04-03,2020-04-03 10:45:00,2020-04-03 12:00:00,BUY,108.248,108.348,WIN,9.7,108.192,107.793,39.89999999999867,10,2020,4
2020-04-15,2020-04-15 10:50:00,2020-04-15 11:05:00,BUY,107.328,107.428,WIN,9.7,107.206,106.919,28.700000000000614,10,2020,4
2020-04-21,2020-04-21 08:05:00,2020-04-21 10:20:00,SELL,107.43,107.33000000000001,WIN,9.7,107.786,107.498,28.79999999999967,8,2020,4
2020-04-27,2020-04-27 06:15:00,2020-04-27 07:35:00,SELL,107.345,107.245,WIN,9.7,107.617,107.398,21.90000000000083,6,2020,4
2020-04-28,2020-04-28 10:40:00,2020-04-28 12:15:00,SELL,107.062,106.962,WIN,9.7,107.332,107.141,19.09999999999883,10,2020,4
2020-05-01,2020-05-01 10:35:00,2020-05-01 11:05:00,SELL,106.959,106.85900000000001,WIN,9.7,107.398,107.015,38.29999999999956,10,2020,5
2020-05-07,2020-05-07 10:40:00,2020-05-07 12:10:00,BUY,106.354,106.454,WIN,9.7,106.289,105.983,30.59999999999974,10,2020,5
2020-05-15,2020-05-15 10:20:00,2020-05-15 11:35:00,SELL,107.124,107.024,WIN,9.7,107.427,107.174,25.30000000000001,10,2020,5
2020-05-19,2020-05-19 09:55:00,2020-05-19 13:20:00,BUY,107.502,107.60199999999999,WIN,9.7,107.45,107.24,21.000000000000796,9,2020,5
2020-05-22,2020-05-22 07:05:00,2020-05-22 09:55:00,SELL,107.482,107.382,WIN,9.7,107.757,107.545,21.20000000000033,7,2020,5
2020-05-29,2020-05-29 07:15:00,2020-05-29 07:50:00,SELL,107.275,107.17500000000001,WIN,9.7,107.709,107.376,33.29999999999984,7,2020,5
2020-06-01,2020-06-01 07:50:00,2020-06-01 11:05:00,SELL,107.527,107.427,WIN,9.7,107.85,107.629,22.099999999998943,7,2020,6
2020-06-10,2020-06-10 07:25:00,2020-06-10 08:45:00,SELL,107.579,107.479,WIN,9.7,107.867,107.652,21.50000000000034,7,2020,6
2020-06-12,2020-06-12 06:30:00,2020-06-12 06:40:00,BUY,106.933,107.033,WIN,9.7,106.874,106.578,29.599999999999227,6,2020,6
2020-07-01,2020-07-01 07:05:00,2020-07-01 11:10:00,SELL,107.605,107.50500000000001,WIN,9.7,108.157,107.664,49.2999999999995,7,2020,7
2020-07-07,2020-07-07 08:30:00,2020-07-07 09:10:00,BUY,107.456,107.556,WIN,9.7,107.402,107.239,16.29999999999967,8,2020,7
2020-07-10,2020-07-10 07:40:00,2020-07-10 09:35:00,SELL,106.947,106.84700000000001,WIN,9.7,107.257,106.999,25.800000000000978,7,2020,7
2020-07-15,2020-07-15 10:20:00,2020-07-15 10:45:00,SELL,107.09,106.99000000000001,WIN,9.7,107.301,107.156,14.499999999999602,10,2020,7
2020-07-24,2020-07-24 06:40:00,2020-07-24 10:00:00,SELL,106.397,106.29700000000001,WIN,9.7,106.889,106.459,42.99999999999926,6,2020,7
2020-07-28,2020-07-28 06:00:00,2020-07-28 07:20:00,BUY,105.535,105.63499999999999,WIN,9.7,105.47,105.214,25.600000000000023,6,2020,7
2020-08-10,2020-08-10 10:25:00,2020-08-10 13:35:00,BUY,106.023,106.12299999999999,WIN,9.7,105.938,105.716,22.20000000000084,10,2020,8
2020-08-12,2020-08-12 07:25:00,2020-08-12 13:20:00,BUY,106.781,106.881,WIN,9.7,106.73,106.434,29.600000000000648,7,2020,8
2020-08-14,2020-08-14 10:05:00,2020-08-14 11:50:00,SELL,106.773,106.673,WIN,9.7,107.032,106.847,18.500000000000227,10,2020,8
2020-08-18,2020-08-18 09:10:00,2020-08-18 09:35:00,SELL,105.557,105.45700000000001,WIN,9.7,106.045,105.62,42.499999999999716,9,2020,8
2020-08-21,2020-08-21 08:15:00,2020-08-21 10:35:00,SELL,105.558,105.45800000000001,WIN,9.7,105.792,105.616,17.600000000000193,8,2020,8
2020-08-25,2020-08-25 09:50:00,2020-08-25 11:05:00,BUY,106.106,106.20599999999999,WIN,9.7,106.046,105.866,18.000000000000682,9,2020,8
2020-08-26,2020-08-26 10:25:00,2020-08-26 11:35:00,SELL,106.265,106.165,WIN,9.7,106.549,106.321,22.800000000000864,10,2020,8
2020-08-28,2020-08-28 06:25:00,2020-08-28 08:05:00,BUY,106.892,106.392,LOSS,-50.3,106.829,106.485,34.39999999999941,6,2020,8
2020-09-03,2020-09-03 08:30:00,2020-09-03 13:30:00,BUY,106.327,106.42699999999999,WIN,9.7,106.257,106.091,16.600000000001103,8,2020,9
2020-09-16,2020-09-16 11:10:00,2020-09-16 13:30:00,SELL,105.175,105.075,WIN,9.7,105.428,105.249,17.900000000000205,11,2020,9
2020-09-17,2020-09-17 09:40:00,2020-09-17 10:35:00,SELL,104.804,104.70400000000001,WIN,9.7,105.166,104.862,30.400000000000205,9,2020,9
2020-09-18,2020-09-18 10:15:00,2020-09-18 11:50:00,SELL,104.603,104.503,WIN,9.7,104.865,104.662,20.299999999998875,10,2020,9
2020-09-21,2020-09-21 06:40:00,2020-09-21 10:10:00,SELL,104.266,104.16600000000001,WIN,9.7,104.565,104.317,24.800000000000466,6,2020,9
2020-09-29,2020-09-29 09:05:00,2020-09-29 09:40:00,BUY,105.592,105.692,WIN,9.7,105.541,105.335,20.600000000000307,9,2020,9
2020-10-02,2020-10-02 08:05:00,2020-10-02 08:20:00,SELL,105.364,105.26400000000001,WIN,9.7,105.627,105.493,13.400000000000034,8,2020,10
2020-10-21,2020-10-21 07:20:00,2020-10-21 10:10:00,SELL,105.284,105.18400000000001,WIN,9.7,105.518,105.345,17.300000000000182,7,2020,10
2020-10-29,2020-10-29 11:50:00,2020-10-29 12:55:00,SELL,104.213,104.113,WIN,9.7,104.498,104.266,23.199999999999932,11,2020,10
2020-10-30,2020-10-30 07:20:00,2020-10-30 08:25:00,SELL,104.368,104.268,WIN,9.7,104.621,104.427,19.39999999999884,7,2020,10
2020-11-02,2020-11-02 09:55:00,2020-11-02 10:35:00,BUY,104.842,104.942,WIN,9.7,104.759,104.485,27.40000000000009,9,2020,11
2020-11-09,2020-11-09 06:55:00,2020-11-09 10:40:00,BUY,103.458,103.55799999999999,WIN,9.7,103.402,103.18,22.19999999999942,6,2020,11
2020-11-11,2020-11-11 09:10:00,2020-11-11 10:20:00,BUY,105.391,105.491,WIN,9.7,105.299,104.998,30.100000000000193,9,2020,11
2020-11-16,2020-11-16 10:00:00,2020-11-16 13:55:00,SELL,104.413,104.913,LOSS,-50.3,104.725,104.492,23.299999999998988,10,2020,11
2020-11-17,2020-11-17 10:35:00,2020-11-17 13:15:00,SELL,104.29,104.19000000000001,WIN,9.7,104.592,104.416,17.600000000000193,10,2020,11
2020-11-18,2020-11-18 07:35:00,2020-11-18 09:25:00,SELL,103.974,103.87400000000001,WIN,9.7,104.199,104.035,16.400000000000148,7,2020,11
2020-11-19,2020-11-19 11:35:00,2020-11-19 12:15:00,BUY,104.059,104.15899999999999,WIN,9.7,103.975,103.727,24.799999999999045,11,2020,11
2020-11-24,2020-11-24 10:10:00,2020-11-24 11:20:00,SELL,104.323,104.223,WIN,9.7,104.64,104.383,25.7000000000005,10,2020,11
2020-11-30,2020-11-30 10:55:00,2020-11-30 11:05:00,BUY,104.214,104.314,WIN,9.7,104.153,103.824,32.90000000000077,10,2020,11
2020-12-02,2020-12-02 09:15:00,2020-12-02 10:55:00,BUY,104.518,104.618,WIN,9.7,104.453,104.218,23.499999999999943,9,2020,12
2020-12-03,2020-12-03 09:45:00,2020-12-03 11:10:00,SELL,104.326,104.226,WIN,9.7,104.527,104.394,13.299999999999557,9,2020,12
2020-12-04,2020-12-04 07:10:00,2020-12-04 12:40:00,BUY,103.948,104.04799999999999,WIN,9.7,103.878,103.732,14.60000000000008,7,2020,12
2020-12-16,2020-12-16 06:45:00,2020-12-16 10:30:00,SELL,103.459,103.35900000000001,WIN,9.7,103.716,103.516,19.999999999998863,6,2020,12
2020-12-17,2020-12-17 08:45:00,2020-12-17 10:05:00,SELL,103.232,103.132,WIN,9.7,103.554,103.288,26.600000000000534,8,2020,12
2020-12-21,2020-12-21 10:00:00,2020-12-21 11:55:00,BUY,103.621,103.72099999999999,WIN,9.7,103.548,103.245,30.299999999999727,10,2020,12
2020-12-30,2020-12-30 11:45:00,2020-12-30 12:40:00,SELL,103.208,103.108,WIN,9.7,103.579,103.274,30.49999999999926,11,2020,12
2021-01-04,2021-01-04 09:45:00,2021-01-04 10:45:00,SELL,102.861,102.76100000000001,WIN,9.7,103.309,102.927,38.19999999999908,9,2021,1
2021-01-05,2021-01-05 07:15:00,2021-01-05 11:05:00,SELL,102.955,102.855,WIN,9.7,103.185,103.016,16.899999999999693,7,2021,1
2021-01-07,2021-01-07 09:05:00,2021-01-07 10:10:00,BUY,103.292,103.392,WIN,9.7,103.241,102.944,29.699999999999704,9,2021,1
2021-01-29,2021-01-29 10:25:00,2021-01-29 11:20:00,BUY,104.622,104.722,WIN,9.7,104.565,104.191,37.39999999999952,10,2021,1
2021-02-04,2021-02-04 07:25:00,2021-02-04 12:55:00,BUY,105.175,105.27499999999999,WIN,9.7,105.124,104.967,15.699999999999648,7,2021,2
2021-02-09,2021-02-09 06:25:00,2021-02-09 11:05:00,SELL,104.836,104.736,WIN,9.7,105.255,104.892,36.299999999999955,6,2021,2
2021-02-12,2021-02-12 09:45:00,2021-02-12 10:40:00,BUY,104.903,105.003,WIN,9.7,104.835,104.645,18.999999999999773,9,2021,2
2021-02-15,2021-02-15 10:25:00,2021-02-15 11:30:00,BUY,105.203,105.303,WIN,9.7,105.137,104.881,25.600000000000023,10,2021,2
2021-02-19,2021-02-19 07:00:00,2021-02-19 10:30:00,SELL,105.574,105.474,WIN,9.7,105.735,105.627,10.80000000000041,7,2021,2
2021-02-23,2021-02-23 09:05:00,2021-02-23 10:35:00,BUY,105.145,105.24499999999999,WIN,9.7,105.086,104.914,17.199999999999704,9,2021,2
2021-02-24,2021-02-24 10:35:00,2021-02-24 11:15:00,BUY,105.604,105.704,WIN,9.7,105.529,105.184,34.499999999999886,10,2021,2
2021-03-04,2021-03-04 09:15:00,2021-03-04 10:35:00,BUY,107.159,107.259,WIN,9.7,107.101,106.957,14.400000000000546,9,2021,3
2021-03-05,2021-03-05 06:25:00,2021-03-05 08:10:00,BUY,108.083,108.18299999999999,WIN,9.7,108.003,107.812,19.10000000000025,6,2021,3
2021-03-09,2021-03-09 09:50:00,2021-03-09 10:35:00,SELL,108.781,108.68100000000001,WIN,9.7,109.226,108.834,39.19999999999959,9,2021,3
2021-03-11,2021-03-11 07:00:00,2021-03-11 08:00:00,BUY,108.634,108.734,WIN,9.7,108.578,108.346,23.199999999999932,7,2021,3
2021-03-12,2021-03-12 08:10:00,2021-03-12 09:05:00,BUY,108.83,108.92999999999999,WIN,9.7,108.777,108.48,29.699999999999704,8,2021,3
2021-03-15,2021-03-15 08:35:00,2021-03-15 09:05:00,BUY,109.253,109.353,WIN,9.7,109.191,108.906,28.49999999999966,8,2021,3
2021-03-19,2021-03-19 09:15:00,2021-03-19 11:05:00,SELL,108.804,108.70400000000001,WIN,9.7,109.1,108.869,23.099999999999454,9,2021,3
2021-03-26,2021-03-26 11:00:00,2021-03-26 12:55:00,BUY,109.39,109.49,WIN,9.7,109.306,109.124,18.200000000000216,11,2021,3
2021-03-30,2021-03-30 09:25:00,2021-03-30 09:40:00,BUY,110.039,110.139,WIN,9.7,109.967,109.719,24.800000000000466,9,2021,3
2021-04-06,2021-04-06 11:35:00,2021-04-06 13:30:00,BUY,110.443,110.54299999999999,WIN,9.7,110.35,110.08,26.999999999999602,11,2021,4
2021-04-08,2021-04-08 08:40:00,2021-04-08 10:05:00,SELL,109.644,109.54400000000001,WIN,9.7,109.895,109.706,18.899999999999295,8,2021,4
2021-04-09,2021-04-09 09:25:00,2021-04-09 11:25:00,BUY,109.461,109.56099999999999,WIN,9.7,109.386,109.167,21.89999999999941,9,2021,4
2021-04-12,2021-04-12 11:00:00,2021-04-12 12:55:00,SELL,109.405,109.305,WIN,9.7,109.762,109.471,29.09999999999968,11,2021,4
2021-04-13,2021-04-13 07:05:00,2021-04-13 12:15:00,BUY,109.722,109.222,LOSS,-50.3,109.657,109.349,30.799999999999272,7,2021,4
2021-04-19,2021-04-19 10:00:00,2021-04-19 10:30:00,SELL,108.482,108.382,WIN,9.7,108.827,108.54,28.699999999999193,10,2021,4
2021-04-20,2021-04-20 09:40:00,2021-04-20 10:05:00,BUY,108.442,108.54199999999999,WIN,9.7,108.31,107.965,34.499999999999886,9,2021,4
2021-04-29,2021-04-29 09:05:00,2021-04-29 09:35:00,BUY,108.681,108.78099999999999,WIN,9.7,108.621,108.427,19.39999999999884,9,2021,4
2021-05-03,2021-05-03 07:00:00,2021-05-03 10:25:00,BUY,109.562,109.66199999999999,WIN,9.7,109.504,109.25,25.40000000000049,7,2021,5
2021-05-04,2021-05-04 08:25:00,2021-05-04 10:15:00,BUY,109.34,109.44,WIN,9.7,109.257,108.981,27.600000000001046,8,2021,5
2021-05-14,2021-05-14 10:05:00,2021-05-14 11:30:00,SELL,109.35,109.25,WIN,9.7,109.649,109.401,24.800000000000466,10,2021,5
2021-05-18,2021-05-18 09:45:00,2021-05-18 10:50:00,SELL,109.046,108.94600000000001,WIN,9.7,109.275,109.098,17.70000000000067,9,2021,5
2021-05-19,2021-05-19 12:20:00,2021-05-19 13:40:00,BUY,109.118,109.21799999999999,WIN,9.7,109.066,108.823,24.30000000000092,12,2021,5
2021-05-20,2021-05-20 10:00:00,2021-05-20 11:15:00,SELL,109.027,108.927,WIN,9.7,109.3,109.085,21.50000000000034,10,2021,5
2021-05-24,2021-05-24 08:05:00,2021-05-24 10:15:00,SELL,108.793,108.69300000000001,WIN,9.7,108.988,108.861,12.699999999999534,8,2021,5
2021-06-02,2021-06-02 08:10:00,2021-06-02 11:30:00,BUY,109.71,109.80999999999999,WIN,9.7,109.649,109.41,23.900000000000432,8,2021,6
2021-06-18,2021-06-18 08:45:00,2021-06-18 10:55:00,SELL,110.034,109.93400000000001,WIN,9.7,110.322,110.148,17.40000000000066,8,2021,6
2021-06-21,2021-06-21 06:20:00,2021-06-21 06:35:00,SELL,109.871,109.771,WIN,9.7,110.248,109.928,32.00000000000074,6,2021,6
2021-06-23,2021-06-23 10:50:00,2021-06-23 13:00:00,BUY,110.901,111.00099999999999,WIN,9.7,110.846,110.569,27.700000000000102,10,2021,6
2021-06-24,2021-06-24 08:15:00,2021-06-24 09:05:00,SELL,110.89,110.79,WIN,9.7,111.108,110.941,16.70000000000016,8,2021,6
2021-07-01,2021-07-01 09:45:00,2021-07-01 11:00:00,BUY,111.21,111.30999999999999,WIN,9.7,111.157,111.019,13.799999999999102,9,2021,7
2021-07-08,2021-07-08 08:15:00,2021-07-08 08:50:00,SELL,110.335,110.235,WIN,9.7,110.664,110.416,24.800000000000466,8,2021,7
2021-07-09,2021-07-09 07:55:00,2021-07-09 09:35:00,BUY,109.986,110.086,WIN,9.7,109.928,109.645,28.300000000000125,7,2021,7
2021-07-16,2021-07-16 10:35:00,2021-07-16 13:45:00,BUY,110.129,110.229,WIN,9.7,110.065,109.724,34.0999999999994,10,2021,7
2021-07-20,2021-07-20 10:10:00,2021-07-20 11:30:00,BUY,109.619,109.719,WIN,9.7,109.564,109.363,20.09999999999934,10,2021,7
2021-07-21,2021-07-21 10:30:00,2021-07-21 11:10:00,BUY,110.036,110.136,WIN,9.7,109.975,109.789,18.599999999999284,10,2021,7
2021-07-23,2021-07-23 10:05:00,2021-07-23 11:20:00,BUY,110.343,110.443,WIN,9.7,110.276,110.08,19.599999999999795,10,2021,7
2021-07-26,2021-07-26 08:35:00,2021-07-26 10:20:00,SELL,110.265,110.165,WIN,9.7,110.576,110.319,25.69999999999908,8,2021,7
2021-07-27,2021-07-27 10:00:00,2021-07-27 10:35:00,SELL,110.131,110.031,WIN,9.7,110.385,110.186,19.899999999999807,10,2021,7
2021-08-19,2021-08-19 11:15:00,2021-08-19 11:35:00,SELL,109.656,109.55600000000001,WIN,9.7,110.185,109.733,45.19999999999982,11,2021,8
2021-09-01,2021-09-01 10:20:00,2021-09-01 10:45:00,BUY,110.292,110.392,WIN,9.7,110.23,109.975,25.500000000000966,10,2021,9
2021-09-09,2021-09-09 10:00:00,2021-09-09 10:35:00,SELL,110.032,109.932,WIN,9.7,110.265,110.09,17.499999999999716,10,2021,9
2021-09-10,2021-09-10 06:55:00,2021-09-10 10:25:00,BUY,109.861,109.961,WIN,9.7,109.802,109.66,14.200000000001012,6,2021,9
2021-09-13,2021-09-13 08:45:00,2021-09-13 10:00:00,BUY,110.021,110.121,WIN,9.7,109.969,109.779,18.999999999999773,8,2021,9
2021-09-15,2021-09-15 09:40:00,2021-09-15 11:40:00,SELL,109.472,109.372,WIN,9.7,109.736,109.538,19.80000000000075,9,2021,9
2021-09-20,2021-09-20 10:00:00,2021-09-20 11:15:00,SELL,109.776,109.676,WIN,9.7,110.03,109.85,18.000000000000682,10,2021,9
2021-09-28,2021-09-28 09:15:00,2021-09-28 09:35:00,BUY,111.265,111.365,WIN,9.7,111.183,110.928,25.500000000000966,9,2021,9
2021-09-29,2021-09-29 06:00:00,2021-09-29 11:15:00,SELL,111.342,111.242,WIN,9.7,111.676,111.405,27.10000000000008,6,2021,9
2021-10-01,2021-10-01 06:55:00,2021-10-01 10:05:00,SELL,111.148,111.048,WIN,9.7,111.48,111.223,25.7000000000005,6,2021,10
2021-10-04,2021-10-04 10:25:00,2021-10-04 12:45:00,BUY,111.153,111.253,WIN,9.7,111.095,110.844,25.100000000000477,10,2021,10
2021-10-11,2021-10-11 06:10:00,2021-10-11 06:45:00,BUY,112.616,112.716,WIN,9.7,112.548,112.097,45.10000000000076,6,2021,10
2021-10-12,2021-10-12 09:40:00,2021-10-12 09:55:00,SELL,113.095,112.995,WIN,9.7,113.48,113.148,33.200000000000784,9,2021,10
2021-10-15,2021-10-15 08:15:00,2021-10-15 09:00:00,BUY,114.057,114.157,WIN,9.7,113.941,113.647,29.399999999999693,8,2021,10
2021-10-21,2021-10-21 07:05:00,2021-10-21 07:10:00,SELL,114.112,114.012,WIN,9.7,114.408,114.201,20.700000000000784,7,2021,10
2021-10-27,2021-10-27 06:45:00,2021-10-27 10:35:00,SELL,113.958,113.858,WIN,9.7,114.213,114.017,19.599999999999795,6,2021,10
2021-11-01,2021-11-01 09:30:00,2021-11-01 10:55:00,BUY,114.314,114.41399999999999,WIN,9.7,114.249,114.018,23.099999999999454,9,2021,11
2021-11-02,2021-11-02 07:30:00,2021-11-02 07:35:00,SELL,113.749,113.649,WIN,9.7,114.126,113.912,21.399999999999864,7,2021,11
2021-11-10,2021-11-10 09:15:00,2021-11-10 09:35:00,BUY,113.027,113.127,WIN,9.7,112.949,112.768,18.09999999999974,9,2021,11
2021-11-19,2021-11-19 10:25:00,2021-11-19 11:40:00,BUY,114.451,113.951,LOSS,-50.3,114.391,114.209,18.200000000000216,10,2021,11
2021-11-23,2021-11-23 09:25:00,2021-11-23 10:20:00,SELL,114.659,114.55900000000001,WIN,9.7,115.133,114.73,40.29999999999916,9,2021,11
2021-11-24,2021-11-24 07:55:00,2021-11-24 10:10:00,SELL,114.921,114.82100000000001,WIN,9.7,115.231,114.994,23.699999999999477,7,2021,11
2021-11-30,2021-11-30 07:05:00,2021-11-30 07:10:00,SELL,113.425,113.325,WIN,9.7,113.884,113.498,38.59999999999957,7,2021,11
2021-12-02,2021-12-02 08:55:00,2021-12-02 09:45:00,BUY,113.168,113.268,WIN,9.7,113.096,112.615,48.100000000000875,8,2021,12
2021-12-03,2021-12-03 08:50:00,2021-12-03 09:55:00,BUY,113.286,113.386,WIN,9.7,113.214,112.95,26.39999999999958,8,2021,12
2021-12-06,2021-12-06 09:40:00,2021-12-06 11:00:00,BUY,113.132,113.232,WIN,9.7,113.075,112.803,27.200000000000557,9,2021,12
2021-12-07,2021-12-07 06:10:00,2021-12-07 09:05:00,BUY,113.633,113.73299999999999,WIN,9.7,113.582,113.391,19.09999999999883,6,2021,12
2021-12-09,2021-12-09 06:45:00,2021-12-09 09:05:00,SELL,113.583,113.483,WIN,9.7,113.802,113.634,16.800000000000637,6,2021,12
2021-12-10,2021-12-10 10:40:00,2021-12-10 12:45:00,BUY,113.624,113.72399999999999,WIN,9.7,113.567,113.326,24.099999999999966,10,2021,12
2021-12-27,2021-12-27 09:10:00,2021-12-27 10:15:00,BUY,114.475,114.57499999999999,WIN,9.7,114.423,114.302,12.099999999999511,9,2021,12
2021-12-29,2021-12-29 08:45:00,2021-12-29 12:15:00,BUY,114.905,115.005,WIN,9.7,114.85,114.713,13.700000000000045,8,2021,12
2022-01-05,2022-01-05 11:30:00,2022-01-05 13:25:00,SELL,115.787,115.68700000000001,WIN,9.7,116.235,115.892,34.30000000000035,11,2022,1
2022-01-06,2022-01-06 10:25:00,2022-01-06 11:40:00,SELL,115.753,115.653,WIN,9.7,116.177,115.813,36.40000000000043,10,2022,1
2022-01-10,2022-01-10 13:20:00,2022-01-10 13:40:00,SELL,115.431,115.331,WIN,9.7,115.843,115.538,30.500000000000682,13,2022,1
2022-01-19,2022-01-19 06:35:00,2022-01-19 07:15:00,SELL,114.396,114.296,WIN,9.7,114.781,114.483,29.800000000000182,6,2022,1
2022-01-26,2022-01-26 09:55:00,2022-01-26 10:25:00,BUY,113.977,114.077,WIN,9.7,113.92,113.769,15.099999999999625,9,2022,1
2022-01-27,2022-01-27 10:15:00,2022-01-27 10:35:00,BUY,114.831,114.931,WIN,9.7,114.777,114.467,31.000000000000227,10,2022,1
2022-01-28,2022-01-28 09:10:00,2022-01-28 10:00:00,BUY,115.573,115.67299999999999,WIN,9.7,115.468,115.262,20.600000000000307,9,2022,1
2022-02-01,2022-02-01 06:45:00,2022-02-01 11:00:00,SELL,114.897,114.79700000000001,WIN,9.7,115.185,114.963,22.20000000000084,6,2022,2
2022-02-02,2022-02-02 10:00:00,2022-02-02 11:35:00,SELL,114.573,114.473,WIN,9.7,114.796,114.629,16.70000000000016,10,2022,2
2022-02-03,2022-02-03 07:30:00,2022-02-03 10:00:00,BUY,114.52,114.61999999999999,WIN,9.7,114.464,114.319,14.499999999999602,7,2022,2
2022-02-07,2022-02-07 10:40:00,2022-02-07 13:15:00,SELL,115.057,114.95700000000001,WIN,9.7,115.335,115.129,20.599999999998886,10,2022,2
2022-02-10,2022-02-10 08:25:00,2022-02-10 11:05:00,BUY,115.677,115.777,WIN,9.7,115.627,115.428,19.899999999999807,8,2022,2
2022-02-14,2022-02-14 10:20:00,2022-02-14 10:45:00,SELL,115.173,115.07300000000001,WIN,9.7,115.589,115.276,31.30000000000024,10,2022,2
2022-02-17,2022-02-17 11:00:00,2022-02-17 11:15:00,SELL,115.048,114.94800000000001,WIN,9.7,115.53,115.11,42.00000000000017,11,2022,2
2022-02-22,2022-02-22 10:25:00,2022-02-22 12:50:00,BUY,114.848,114.948,WIN,9.7,114.789,114.492,29.699999999999704,10,2022,2
2022-02-24,2022-02-24 06:10:00,2022-02-24 08:15:00,SELL,114.569,114.46900000000001,WIN,9.7,115.111,114.649,46.20000000000033,6,2022,2
2022-03-01,2022-03-01 11:05:00,2022-03-01 11:35:00,SELL,114.892,114.792,WIN,9.7,115.282,114.961,32.099999999999795,11,2022,3
2022-03-02,2022-03-02 08:35:00,2022-03-02 10:00:00,BUY,115.131,115.231,WIN,9.7,115.076,114.785,29.09999999999968,8,2022,3
2022-03-08,2022-03-08 11:00:00,2022-03-08 13:25:00,BUY,115.579,115.67899999999999,WIN,9.7,115.509,115.224,28.49999999999966,11,2022,3
2022-03-11,2022-03-11 06:40:00,2022-03-11 07:10:00,BUY,116.535,116.63499999999999,WIN,9.7,116.471,116.07,40.100000000001046,6,2022,3
2022-03-15,2022-03-15 10:10:00,2022-03-15 11:20:00,SELL,117.915,117.81500000000001,WIN,9.7,118.443,118.086,35.69999999999993,10,2022,3
2022-03-18,2022-03-18 09:45:00,2022-03-18 10:10:00,BUY,118.846,118.946,WIN,9.7,118.793,118.463,33.00000000000125,9,2022,3
2022-03-24,2022-03-24 08:40:00,2022-03-24 08:50:00,BUY,121.368,121.46799999999999,WIN,9.7,121.296,120.945,35.10000000000133,8,2022,3
2022-04-12,2022-04-12 09:10:00,2022-04-12 09:25:00,BUY,125.614,125.714,WIN,9.7,125.554,125.1,45.40000000000077,9,2022,4
2022-04-13,2022-04-13 09:20:00,2022-04-13 09:25:00,BUY,125.952,126.05199999999999,WIN,9.7,125.644,125.294,35.00000000000085,9,2022,4
2022-04-22,2022-04-22 07:20:00,2022-04-22 08:00:00,SELL,128.201,128.101,WIN,9.7,128.684,128.256,42.79999999999973,7,2022,4
2022-05-11,2022-05-11 10:00:00,2022-05-11 10:15:00,SELL,130.138,130.038,WIN,9.7,130.461,130.219,24.200000000001864,10,2022,5
2022-05-24,2022-05-24 08:00:00,2022-05-24 10:05:00,SELL,127.558,127.45800000000001,WIN,9.7,128.079,127.621,45.80000000000126,8,2022,5
2022-05-25,2022-05-25 06:00:00,2022-05-25 10:15:00,BUY,127.123,127.223,WIN,9.7,127.059,126.643,41.59999999999968,6,2022,5
2022-05-26,2022-05-26 10:00:00,2022-05-26 10:50:00,SELL,126.774,126.674,WIN,9.7,127.575,127.112,46.30000000000081,10,2022,5
2022-06-02,2022-06-02 09:30:00,2022-06-02 12:30:00,SELL,129.82,129.72,WIN,9.7,130.234,129.877,35.69999999999993,9,2022,6
2022-06-21,2022-06-21 11:10:00,2022-06-21 11:15:00,BUY,135.264,135.364,WIN,9.7,135.207,134.875,33.19999999999936,11,2022,6
2022-06-28,2022-06-28 10:05:00,2022-06-28 10:15:00,BUY,135.716,135.816,WIN,9.7,135.584,135.104,47.99999999999898,10,2022,6
2022-06-29,2022-06-29 12:35:00,2022-06-29 12:50:00,BUY,136.326,136.426,WIN,9.7,136.211,135.886,32.500000000001705,12,2022,6
2022-06-30,2022-06-30 08:25:00,2022-06-30 09:05:00,SELL,136.329,136.229,WIN,9.7,136.801,136.392,40.89999999999918,8,2022,6
2022-07-12,2022-07-12 12:50:00,2022-07-12 13:10:00,SELL,136.928,136.828,WIN,9.7,137.44,137.021,41.900000000001114,12,2022,7
2022-07-15,2022-07-15 09:50:00,2022-07-15 10:05:00,SELL,138.695,138.595,WIN,9.7,139.12,138.757,36.299999999999955,9,2022,7
2022-07-19,2022-07-19 07:05:00,2022-07-19 09:00:00,SELL,137.947,137.847,WIN,9.7,138.384,138.0,38.39999999999861,7,2022,7
2022-07-27,2022-07-27 12:05:00,2022-07-27 12:45:00,SELL,136.701,136.601,WIN,9.7,137.135,136.792,34.29999999999893,12,2022,7
2022-07-29,2022-07-29 06:05:00,2022-07-29 06:10:00,SELL,134.031,133.931,WIN,9.7,134.669,134.229,43.99999999999977,6,2022,7
2022-08-18,2022-08-18 09:00:00,2022-08-18 09:50:00,BUY,135.285,135.385,WIN,9.7,135.171,134.724,44.70000000000027,9,2022,8
2022-08-24,2022-08-24 07:25:00,2022-08-24 07:40:00,SELL,136.541,136.441,WIN,9.7,137.034,136.601,43.29999999999927,7,2022,8
2022-08-26,2022-08-26 08:45:00,2022-08-26 09:15:00,BUY,136.854,136.954,WIN,9.7,136.784,136.39,39.400000000000546,8,2022,8
2022-08-30,2022-08-30 11:10:00,2022-08-30 11:15:00,SELL,138.291,138.191,WIN,9.7,138.773,138.372,40.099999999998204,11,2022,8
2022-08-31,2022-08-31 09:45:00,2022-08-31 12:55:00,SELL,138.333,138.833,LOSS,-50.3,138.839,138.41,42.900000000000205,9,2022,8
2022-09-06,2022-09-06 07:50:00,2022-09-06 07:55:00,BUY,140.836,140.936,WIN,9.7,140.582,140.24,34.199999999998454,7,2022,9
2022-09-20,2022-09-20 09:00:00,2022-09-20 10:45:00,BUY,143.417,143.517,WIN,9.7,143.333,142.926,40.70000000000107,9,2022,9
2022-09-21,2022-09-21 07:30:00,2022-09-21 07:55:00,BUY,143.932,144.03199999999998,WIN,9.7,143.83,143.469,36.10000000000184,7,2022,9
2022-09-29,2022-09-29 08:30:00,2022-09-29 08:55:00,BUY,144.552,144.652,WIN,9.7,144.459,144.018,44.10000000000025,8,2022,9
2022-10-03,2022-10-03 07:05:00,2022-10-03 07:15:00,BUY,145.133,144.633,LOSS,-50.3,144.878,144.493,38.49999999999909,7,2022,10
2022-10-18,2022-10-18 11:40:00,2022-10-18 11:55:00,BUY,149.099,149.19899999999998,WIN,9.7,149.026,148.664,36.20000000000232,11,2022,10
2022-10-19,2022-10-19 08:30:00,2022-10-19 09:35:00,BUY,149.315,149.415,WIN,9.7,149.256,149.09,16.59999999999968,8,2022,10
2022-10-21,2022-10-21 06:40:00,2022-10-21 10:55:00,BUY,150.368,150.468,WIN,9.7,150.276,149.918,35.80000000000041,6,2022,10
2022-11-04,2022-11-04 07:50:00,2022-11-04 09:30:00,SELL,147.885,147.785,WIN,9.7,148.397,147.949,44.79999999999791,7,2022,11
2022-11-08,2022-11-08 09:10:00,2022-11-08 11:15:00,BUY,146.895,146.395,LOSS,-50.3,146.773,146.305,46.79999999999893,9,2022,11
2022-11-21,2022-11-21 08:05:00,2022-11-21 08:25:00,BUY,140.568,140.668,WIN,9.7,140.49,140.11,37.999999999999545,8,2022,11
2022-12-14,2022-12-14 11:15:00,2022-12-14 11:40:00,SELL,135.218,135.118,WIN,9.7,135.726,135.28,44.599999999999795,11,2022,12
2022-12-15,2022-12-15 06:45:00,2022-12-15 07:00:00,BUY,135.681,135.781,WIN,9.7,135.617,135.232,38.49999999999909,6,2022,12
2023-02-01,2023-02-01 07:05:00,2023-02-01 09:20:00,BUY,130.261,130.361,WIN,9.7,130.197,129.852,34.499999999999886,7,2023,2
2023-02-21,2023-02-21 09:00:00,2023-02-21 09:35:00,BUY,134.583,134.683,WIN,9.7,134.49,134.142,34.80000000000132,9,2023,2
2023-02-28,2023-02-28 09:25:00,2023-02-28 09:45:00,BUY,136.423,136.523,WIN,9.7,136.348,136.052,29.60000000000207,9,2023,2
2023-03-01,2023-03-01 09:55:00,2023-03-01 11:00:00,SELL,135.914,135.814,WIN,9.7,136.461,136.097,36.40000000000043,9,2023,3
2023-03-02,2023-03-02 07:25:00,2023-03-02 07:55:00,BUY,136.538,136.638,WIN,9.7,136.441,136.013,42.79999999999973,7,2023,3
2023-03-03,2023-03-03 08:45:00,2023-03-03 10:00:00,SELL,136.43,136.33,WIN,9.7,136.763,136.491,27.199999999999136,8,2023,3
2023-03-07,2023-03-07 09:20:00,2023-03-07 10:05:00,SELL,135.71,135.61,WIN,9.7,136.169,135.822,34.70000000000084,9,2023,3
2023-03-30,2023-03-30 08:30:00,2023-03-30 10:00:00,SELL,132.394,132.294,WIN,9.7,132.841,132.452,38.900000000001,8,2023,3
2023-04-11,2023-04-11 10:30:00,2023-04-11 10:40:00,SELL,133.175,133.07500000000002,WIN,9.7,133.684,133.236,44.80000000000075,10,2023,4
2023-04-18,2023-04-18 11:00:00,2023-04-18 12:20:00,SELL,134.153,134.053,WIN,9.7,134.699,134.266,43.300000000002115,11,2023,4
2023-04-19,2023-04-19 08:50:00,2023-04-19 09:00:00,BUY,134.437,134.537,WIN,9.7,134.384,133.944,43.99999999999977,8,2023,4
2023-04-20,2023-04-20 09:10:00,2023-04-20 09:40:00,SELL,134.523,134.423,WIN,9.7,134.964,134.582,38.2000000000005,9,2023,4
2023-04-25,2023-04-25 09:55:00,2023-04-25 12:25:00,BUY,134.445,133.945,LOSS,-50.3,134.36,133.968,39.20000000000243,9,2023,4
2023-04-27,2023-04-27 08:45:00,2023-04-27 09:35:00,BUY,133.743,133.843,WIN,9.7,133.686,133.386,30.000000000001137,8,2023,4
2023-05-04,2023-05-04 09:30:00,2023-05-04 09:35:00,SELL,134.252,134.15200000000002,WIN,9.7,134.747,134.339,40.800000000001546,9,2023,5
2023-05-09,2023-05-09 09:00:00,2023-05-09 09:40:00,SELL,134.841,134.741,WIN,9.7,135.317,134.92,39.70000000000198,9,2023,5
2023-05-11,2023-05-11 10:05:00,2023-05-11 11:00:00,BUY,134.506,134.606,WIN,9.7,134.362,133.884,47.800000000000864,10,2023,5
2023-05-12,2023-05-12 09:05:00,2023-05-12 10:00:00,BUY,134.745,134.845,WIN,9.7,134.674,134.199,47.49999999999943,9,2023,5
2023-05-15,2023-05-15 06:50:00,2023-05-15 07:10:00,BUY,136.089,136.189,WIN,9.7,136.02,135.629,39.100000000001955,6,2023,5
2023-05-16,2023-05-16 09:55:00,2023-05-16 11:05:00,SELL,135.831,135.731,WIN,9.7,136.105,135.898,20.699999999999363,9,2023,5
2023-05-17,2023-05-17 07:55:00,2023-05-17 08:15:00,BUY,136.569,136.66899999999998,WIN,9.7,136.518,136.297,22.100000000000364,7,2023,5
2023-05-18,2023-05-18 10:55:00,2023-05-18 11:15:00,BUY,137.805,137.905,WIN,9.7,137.712,137.279,43.29999999999927,10,2023,5
2023-05-19,2023-05-19 09:10:00,2023-05-19 09:20:00,SELL,138.189,138.089,WIN,9.7,138.718,138.269,44.899999999998386,9,2023,5
2023-05-26,2023-05-26 07:55:00,2023-05-26 09:35:00,SELL,139.712,139.612,WIN,9.7,140.097,139.766,33.10000000000173,7,2023,5
2023-05-31,2023-05-31 08:25:00,2023-05-31 08:35:00,SELL,139.534,139.434,WIN,9.7,139.916,139.607,30.89999999999975,8,2023,5
2023-06-05,2023-06-05 09:55:00,2023-06-05 10:15:00,BUY,140.332,140.432,WIN,9.7,140.258,139.938,32.00000000000216,9,2023,6
2023-06-06,2023-06-06 10:05:00,2023-06-06 10:35:00,SELL,139.224,139.124,WIN,9.7,139.652,139.315,33.69999999999891,10,2023,6
2023-06-08,2023-06-08 07:20:00,2023-06-08 08:00:00,SELL,139.764,139.66400000000002,WIN,9.7,140.219,139.838,38.10000000000002,7,2023,6
2023-06-19,2023-06-19 06:40:00,2023-06-19 07:55:00,SELL,141.583,141.483,WIN,9.7,141.964,141.682,28.20000000000107,6,2023,6
2023-06-21,2023-06-21 08:00:00,2023-06-21 09:05:00,BUY,141.797,141.897,WIN,9.7,141.731,141.275,45.599999999998886,8,2023,6
2023-06-22,2023-06-22 11:25:00,2023-06-22 13:25:00,BUY,141.939,142.039,WIN,9.7,141.887,141.603,28.39999999999918,11,2023,6
2023-06-23,2023-06-23 08:30:00,2023-06-23 08:35:00,BUY,143.226,143.326,WIN,9.7,143.173,142.803,37.000000000000455,8,2023,6
2023-06-26,2023-06-26 10:20:00,2023-06-26 10:30:00,SELL,143.173,143.073,WIN,9.7,143.711,143.226,48.500000000001364,10,2023,6
2023-06-27,2023-06-27 09:00:00,2023-06-27 11:20:00,BUY,143.645,143.745,WIN,9.7,143.565,143.276,28.899999999998727,9,2023,6
2023-06-28,2023-06-28 10:35:00,2023-06-28 11:20:00,BUY,144.139,144.239,WIN,9.7,144.065,143.722,34.29999999999893,10,2023,6
2023-06-29,2023-06-29 07:15:00,2023-06-29 09:25:00,BUY,144.528,144.628,WIN,9.7,144.465,144.127,33.799999999999386,7,2023,6
2023-06-30,2023-06-30 09:15:00,2023-06-30 09:30:00,SELL,144.616,144.51600000000002,WIN,9.7,145.065,144.671,39.400000000000546,9,2023,6
2023-07-03,2023-07-03 09:50:00,2023-07-03 11:15:00,BUY,144.752,144.852,WIN,9.7,144.685,144.219,46.60000000000082,9,2023,7
2023-07-05,2023-07-05 09:10:00,2023-07-05 12:40:00,BUY,144.703,144.203,LOSS,-50.3,144.634,144.374,25.99999999999909,9,2023,7
2023-07-06,2023-07-06 07:20:00,2023-07-06 07:35:00,SELL,144.082,143.982,WIN,9.7,144.64,144.185,45.49999999999841,7,2023,7
2023-07-07,2023-07-07 08:05:00,2023-07-07 08:40:00,SELL,143.708,143.608,WIN,9.7,144.194,143.789,40.500000000000114,8,2023,7
2023-07-17,2023-07-17 12:35:00,2023-07-17 12:45:00,SELL,138.237,138.137,WIN,9.7,138.824,138.36,46.399999999999864,12,2023,7
2023-07-18,2023-07-18 07:25:00,2023-07-18 07:35:00,SELL,138.481,138.381,WIN,9.7,138.917,138.539,37.80000000000143,7,2023,7
2023-07-24,2023-07-24 12:50:00,2023-07-24 13:15:00,SELL,141.276,141.17600000000002,WIN,9.7,141.805,141.337,46.80000000000177,12,2023,7
2023-07-26,2023-07-26 09:25:00,2023-07-26 11:05:00,SELL,140.673,140.573,WIN,9.7,141.18,140.827,35.300000000000864,9,2023,7
2023-08-03,2023-08-03 07:00:00,2023-08-03 07:40:00,BUY,143.606,143.706,WIN,9.7,143.465,143.154,31.100000000000705,7,2023,8
2023-08-10,2023-08-10 07:05:00,2023-08-10 07:50:00,BUY,143.966,144.066,WIN,9.7,143.884,143.62,26.39999999999816,7,2023,8
2023-08-15,2023-08-15 09:40:00,2023-08-15 10:30:00,BUY,145.696,145.796,WIN,9.7,145.584,145.319,26.500000000001478,9,2023,8
2023-08-17,2023-08-17 13:20:00,2023-08-17 13:40:00,SELL,146.089,145.989,WIN,9.7,146.554,146.151,40.29999999999916,13,2023,8
2023-08-21,2023-08-21 11:50:00,2023-08-21 12:40:00,BUY,145.687,145.787,WIN,9.7,145.619,145.137,48.19999999999993,11,2023,8
2023-08-22,2023-08-22 06:10:00,2023-08-22 10:25:00,SELL,145.872,145.77200000000002,WIN,9.7,146.391,145.972,41.89999999999827,6,2023,8
2023-08-23,2023-08-23 10:35:00,2023-08-23 10:50:00,SELL,145.458,145.358,WIN,9.7,145.879,145.569,31.000000000000227,10,2023,8
2023-08-24,2023-08-24 07:30:00,2023-08-24 10:40:00,BUY,145.133,145.233,WIN,9.7,145.06,144.593,46.700000000001296,7,2023,8
2023-08-29,2023-08-29 13:25:00,2023-08-29 13:55:00,BUY,146.639,146.739,WIN,9.7,146.545,146.301,24.399999999999977,13,2023,8
2023-08-30,2023-08-30 09:40:00,2023-08-30 10:15:00,BUY,146.281,146.381,WIN,9.7,146.23,145.772,45.79999999999984,9,2023,8
2023-09-04,2023-09-04 10:00:00,2023-09-04 10:40:00,BUY,146.298,146.398,WIN,9.7,146.24,146.015,22.500000000002274,10,2023,9
2023-09-05,2023-09-05 08:30:00,2023-09-05 09:15:00,BUY,146.781,146.881,WIN,9.7,146.719,146.356,36.299999999999955,8,2023,9
2023-09-06,2023-09-06 08:35:00,2023-09-06 08:50:00,SELL,147.216,147.116,WIN,9.7,147.812,147.354,45.79999999999984,8,2023,9
2023-09-12,2023-09-12 09:05:00,2023-09-12 13:40:00,BUY,146.858,146.958,WIN,9.7,146.794,146.432,36.20000000000232,9,2023,9
2023-09-15,2023-09-15 08:00:00,2023-09-15 10:00:00,BUY,147.567,147.667,WIN,9.7,147.512,147.329,18.299999999999272,8,2023,9
2023-09-20,2023-09-20 09:10:00,2023-09-20 10:15:00,BUY,147.903,148.003,WIN,9.7,147.849,147.683,16.59999999999968,9,2023,9
2023-09-21,2023-09-21 13:05:00,2023-09-21 13:20:00,SELL,148.062,147.96200000000002,WIN,9.7,148.452,148.163,28.899999999998727,13,2023,9
2023-09-26,2023-09-26 09:15:00,2023-09-26 09:30:00,BUY,149.026,149.126,WIN,9.7,148.946,148.697,24.899999999999523,9,2023,9
2023-09-29,2023-09-29 09:10:00,2023-09-29 09:35:00,SELL,149.089,148.989,WIN,9.7,149.442,149.195,24.70000000000141,9,2023,9
2023-10-06,2023-10-06 07:20:00,2023-10-06 08:50:00,BUY,148.741,148.841,WIN,9.7,148.685,148.353,33.19999999999936,7,2023,10
2023-10-11,2023-10-11 06:45:00,2023-10-11 08:40:00,BUY,148.819,148.91899999999998,WIN,9.7,148.744,148.416,32.800000000000296,6,2023,10
2023-10-13,2023-10-13 07:15:00,2023-10-13 13:00:00,SELL,149.661,149.561,WIN,9.7,149.82,149.714,10.599999999999454,7,2023,10
2023-10-17,2023-10-17 11:20:00,2023-10-17 13:10:00,BUY,149.681,149.181,LOSS,-50.3,149.624,149.47,15.399999999999636,11,2023,10
2023-10-26,2023-10-26 08:55:00,2023-10-26 09:05:00,BUY,150.484,150.584,WIN,9.7,150.432,150.035,39.699999999999136,8,2023,10
2023-10-27,2023-10-27 08:50:00,2023-10-27 12:50:00,SELL,150.083,149.983,WIN,9.7,150.406,150.157,24.899999999999523,8,2023,10
2023-11-07,2023-11-07 07:10:00,2023-11-07 08:40:00,BUY,150.286,150.386,WIN,9.7,150.217,149.923,29.400000000001114,7,2023,11
2023-11-08,2023-11-08 08:15:00,2023-11-08 11:10:00,BUY,150.67,150.76999999999998,WIN,9.7,150.609,150.282,32.69999999999982,8,2023,11
2023-11-17,2023-11-17 10:10:00,2023-11-17 10:30:00,SELL,150.347,150.247,WIN,9.7,150.769,150.415,35.40000000000134,10,2023,11
2023-11-22,2023-11-22 07:10:00,2023-11-22 07:20:00,BUY,148.47,148.57,WIN,9.7,148.372,148.011,36.10000000000184,7,2023,11
2023-11-24,2023-11-24 06:50:00,2023-11-24 07:05:00,SELL,149.349,149.249,WIN,9.7,149.706,149.401,30.49999999999784,6,2023,11
2023-11-30,2023-11-30 11:35:00,2023-11-30 11:50:00,BUY,147.299,147.399,WIN,9.7,147.225,146.834,39.09999999999911,11,2023,11
2023-12-05,2023-12-05 08:10:00,2023-12-05 08:30:00,SELL,146.911,146.811,WIN,9.7,147.372,146.965,40.70000000000107,8,2023,12
2023-12-13,2023-12-13 08:25:00,2023-12-13 08:55:00,BUY,145.757,145.857,WIN,9.7,145.657,145.177,48.00000000000182,8,2023,12
2023-12-18,2023-12-18 10:10:00,2023-12-18 12:30:00,BUY,142.509,142.60899999999998,WIN,9.7,142.451,142.021,43.00000000000068,10,2023,12
2023-12-20,2023-12-20 06:10:00,2023-12-20 06:25:00,SELL,143.572,143.472,WIN,9.7,144.091,143.634,45.700000000002206,6,2023,12
2023-12-29,2023-12-29 09:05:00,2023-12-29 11:15:00,SELL,141.186,141.686,LOSS,-50.3,141.661,141.244,41.70000000000016,9,2023,12
2024-01-03,2024-01-03 09:10:00,2024-01-03 09:15:00,BUY,142.315,142.415,WIN,9.7,142.173,141.853,31.999999999999318,9,2024,1
2024-01-05,2024-01-05 08:20:00,2024-01-05 08:25:00,BUY,145.086,145.186,WIN,9.7,144.948,144.511,43.70000000000118,8,2024,1
2024-01-17,2024-01-17 07:35:00,2024-01-17 08:05:00,BUY,147.611,147.71099999999998,WIN,9.7,147.479,147.04,43.90000000000214,7,2024,1
2024-01-18,2024-01-18 08:05:00,2024-01-18 08:50:00,SELL,147.798,147.698,WIN,9.7,148.243,147.86,38.299999999998136,8,2024,1
2024-01-26,2024-01-26 11:05:00,2024-01-26 11:15:00,BUY,147.977,148.077,WIN,9.7,147.843,147.473,36.99999999999761,11,2024,1
2024-01-29,2024-01-29 08:10:00,2024-01-29 09:00:00,SELL,147.943,147.84300000000002,WIN,9.7,148.327,148.017,31.000000000000227,8,2024,1
2024-02-02,2024-02-02 09:15:00,2024-02-02 10:25:00,BUY,146.568,146.668,WIN,9.7,146.507,146.234,27.299999999999613,9,2024,2
2024-02-07,2024-02-07 08:25:00,2024-02-07 12:50:00,BUY,148.032,148.132,WIN,9.7,147.981,147.705,27.599999999998204,8,2024,2
2024-02-08,2024-02-08 06:50:00,2024-02-08 07:10:00,BUY,148.455,148.555,WIN,9.7,148.396,147.923,47.29999999999848,6,2024,2
2024-02-13,2024-02-13 09:15:00,2024-02-13 10:15:00,BUY,149.577,149.677,WIN,9.7,149.526,149.256,27.000000000001023,9,2024,2
2024-02-15,2024-02-15 07:10:00,2024-02-15 11:05:00,SELL,150.084,149.984,WIN,9.7,150.56,150.135,42.50000000000114,7,2024,2
2024-02-22,2024-02-22 08:30:00,2024-02-22 09:35:00,SELL,150.203,150.103,WIN,9.7,150.455,150.256,19.900000000001228,8,2024,2
2024-02-23,2024-02-23 08:00:00,2024-02-23 11:10:00,BUY,150.609,150.709,WIN,9.7,150.554,150.365,18.899999999999295,8,2024,2
2024-02-27,2024-02-27 09:35:00,2024-02-27 10:20:00,SELL,150.343,150.243,WIN,9.7,150.696,150.414,28.20000000000107,9,2024,2
2024-02-28,2024-02-28 06:30:00,2024-02-28 09:20:00,BUY,150.595,150.695,WIN,9.7,150.535,150.366,16.899999999998272,6,2024,2
2024-03-01,2024-03-01 07:30:00,2024-03-01 10:05:00,BUY,150.463,150.563,WIN,9.7,150.409,149.909,50.0,7,2024,3
2024-03-04,2024-03-04 07:00:00,2024-03-04 08:30:00,BUY,150.254,150.35399999999998,WIN,9.7,150.201,149.832,36.89999999999998,7,2024,3
2024-03-06,2024-03-06 09:05:00,2024-03-06 09:10:00,SELL,149.542,149.442,WIN,9.7,150.078,149.806,27.199999999999136,9,2024,3
2024-03-13,2024-03-13 09:35:00,2024-03-13 11:50:00,BUY,147.746,147.846,WIN,9.7,147.656,147.226,43.00000000000068,9,2024,3
2024-03-15,2024-03-15 10:00:00,2024-03-15 10:55:00,SELL,148.055,148.555,LOSS,-50.3,148.652,148.214,43.79999999999882,10,2024,3
2024-03-19,2024-03-19 06:35:00,2024-03-19 06:40:00,BUY,149.585,149.685,WIN,9.7,149.388,149.024,36.40000000000043,6,2024,3
2024-04-03,2024-04-03 10:00:00,2024-04-03 12:05:00,BUY,151.693,151.793,WIN,9.7,151.633,151.434,19.900000000001228,10,2024,4
2024-04-16,2024-04-16 09:25:00,2024-04-16 09:30:00,BUY,154.478,154.578,WIN,9.7,154.416,154.124,29.20000000000016,9,2024,4
2024-04-25,2024-04-25 07:45:00,2024-04-25 07:55:00,BUY,155.506,155.606,WIN,9.7,155.443,155.189,25.40000000000191,7,2024,4
2024-04-26,2024-04-26 06:20:00,2024-04-26 06:30:00,BUY,155.823,155.923,WIN,9.7,155.654,155.52,13.399999999998613,6,2024,4
2024-05-15,2024-05-15 08:10:00,2024-05-15 10:25:00,SELL,156.209,156.109,WIN,9.7,156.555,156.303,25.200000000000955,8,2024,5
2024-05-30,2024-05-30 07:35:00,2024-05-30 08:20:00,SELL,157.206,157.106,WIN,9.7,157.667,157.298,36.89999999999998,7,2024,5
2024-05-31,2024-05-31 10:30:00,2024-05-31 11:00:00,BUY,157.078,157.178,WIN,9.7,157.019,156.568,45.09999999999934,10,2024,5
2024-06-03,2024-06-03 06:50:00,2024-06-03 13:10:00,BUY,157.386,156.886,LOSS,-50.3,157.331,156.99,34.099999999997976,6,2024,6
2024-06-07,2024-06-07 09:05:00,2024-06-07 09:15:00,SELL,155.356,155.256,WIN,9.7,155.93,155.495,43.50000000000023,9,2024,6
2024-06-13,2024-06-13 08:00:00,2024-06-13 08:35:00,BUY,157.086,157.186,WIN,9.7,157.009,156.573,43.59999999999786,8,2024,6
2024-06-14,2024-06-14 06:20:00,2024-06-14 06:25:00,BUY,157.641,157.74099999999999,WIN,9.7,157.33,156.941,38.900000000001,6,2024,6
2024-06-18,2024-06-18 08:35:00,2024-06-18 09:25:00,BUY,157.795,157.89499999999998,WIN,9.7,157.733,157.511,22.20000000000084,8,2024,6
2024-06-20,2024-06-20 08:15:00,2024-06-20 10:55:00,BUY,158.167,158.267,WIN,9.7,158.111,157.812,29.899999999997817,8,2024,6
2024-06-24,2024-06-24 13:05:00,2024-06-24 13:10:00,SELL,159.218,159.118,WIN,9.7,159.919,159.589,33.00000000000125,13,2024,6
2024-06-26,2024-06-26 11:50:00,2024-06-26 12:35:00,BUY,159.946,160.046,WIN,9.7,159.895,159.603,29.20000000000016,11,2024,6
2024-07-03,2024-07-03 07:40:00,2024-07-03 08:05:00,BUY,161.702,161.802,WIN,9.7,161.643,161.38,26.300000000000523,7,2024,7
2024-07-17,2024-07-17 07:55:00,2024-07-17 08:45:00,SELL,158.211,158.11100000000002,WIN,9.7,158.614,158.27,34.39999999999941,7,2024,7
2024-07-19,2024-07-19 08:00:00,2024-07-19 08:40:00,BUY,157.687,157.787,WIN,9.7,157.527,157.058,46.89999999999941,8,2024,7
2024-07-22,2024-07-22 08:25:00,2024-07-22 09:00:00,SELL,157.083,156.983,WIN,9.7,157.607,157.15,45.69999999999936,8,2024,7
2024-08-29,2024-08-29 08:00:00,2024-08-29 08:10:00,BUY,144.755,144.855,WIN,9.7,144.691,144.215,47.59999999999991,8,2024,8
2024-08-30,2024-08-30 12:30:00,2024-08-30 13:15:00,BUY,145.121,145.221,WIN,9.7,145.065,144.646,41.900000000001114,12,2024,8
2024-09-06,2024-09-06 06:40:00,2024-09-06 07:05:00,SELL,143.027,142.927,WIN,9.7,143.479,143.091,38.80000000000052,6,2024,9
2024-10-09,2024-10-09 08:05:00,2024-10-09 08:55:00,BUY,148.502,148.602,WIN,9.7,148.43,148.003,42.70000000000209,8,2024,10
2024-10-10,2024-10-10 07:25:00,2024-10-10 07:30:00,BUY,149.38,149.48,WIN,9.7,149.3,148.916,38.400000000001455,7,2024,10
2024-10-11,2024-10-11 12:25:00,2024-10-11 13:25:00,BUY,148.866,148.966,WIN,9.7,148.795,148.394,40.099999999998204,12,2024,10
2024-10-15,2024-10-15 09:20:00,2024-10-15 10:00:00,SELL,149.37,149.27,WIN,9.7,149.838,149.43,40.799999999998704,9,2024,10
2024-10-17,2024-10-17 10:25:00,2024-10-17 11:40:00,BUY,149.722,149.822,WIN,9.7,149.659,149.232,42.69999999999925,10,2024,10
2024-10-18,2024-10-18 08:00:00,2024-10-18 13:10:00,SELL,149.794,149.69400000000002,WIN,9.7,150.284,149.867,41.70000000000016,8,2024,10
2024-10-22,2024-10-22 06:15:00,2024-10-22 07:10:00,BUY,150.954,151.054,WIN,9.7,150.841,150.489,35.20000000000039,6,2024,10
2024-10-24,2024-10-24 07:10:00,2024-10-24 07:45:00,SELL,152.25,152.15,WIN,9.7,152.828,152.328,50.0,7,2024,10
2024-10-30,2024-10-30 11:45:00,2024-10-30 11:55:00,SELL,152.925,152.82500000000002,WIN,9.7,153.438,153.063,37.5,11,2024,10
2024-10-31,2024-10-31 06:20:00,2024-10-31 07:05:00,SELL,152.992,152.892,WIN,9.7,153.62,153.148,47.20000000000084,6,2024,10
2024-11-07,2024-11-07 06:15:00,2024-11-07 06:25:00,SELL,154.029,153.929,WIN,9.7,154.71,154.21,50.0,6,2024,11
2024-11-13,2024-11-13 08:00:00,2024-11-13 08:05:00,BUY,155.007,155.107,WIN,9.7,154.935,154.48,45.50000000000125,8,2024,11
2024-11-20,2024-11-20 06:05:00,2024-11-20 07:50:00,BUY,155.062,155.162,WIN,9.7,154.987,154.509,47.800000000000864,6,2024,11
2024-12-09,2024-12-09 08:20:00,2024-12-09 09:40:00,BUY,150.17,150.26999999999998,WIN,9.7,150.079,149.683,39.6000000000015,8,2024,12
2024-12-23,2024-12-23 09:10:00,2024-12-23 13:50:00,BUY,156.767,156.867,WIN,9.7,156.689,156.27,41.89999999999827,9,2024,12
2025-01-08,2025-01-08 12:35:00,2025-01-08 13:25:00,BUY,158.302,158.402,WIN,9.7,158.242,157.89,35.20000000000039,12,2025,1
2025-01-10,2025-01-10 06:30:00,2025-01-10 09:35:00,BUY,158.33,158.43,WIN,9.7,158.278,157.92,35.80000000000041,6,2025,1
2025-01-15,2025-01-15 06:25:00,2025-01-15 06:30:00,SELL,157.764,157.66400000000002,WIN,9.7,158.084,157.818,26.599999999999113,6,2025,1
2025-01-23,2025-01-23 07:00:00,2025-01-23 12:15:00,BUY,156.701,156.201,LOSS,-50.3,156.606,156.277,32.90000000000077,7,2025,1
2025-01-29,2025-01-29 07:00:00,2025-01-29 07:30:00,SELL,155.227,155.127,WIN,9.7,155.786,155.314,47.20000000000084,7,2025,1
2025-02-11,2025-02-11 12:50:00,2025-02-11 13:25:00,BUY,152.132,152.232,WIN,9.7,152.054,151.676,37.80000000000143,12,2025,2
2025-03-13,2025-03-13 07:10:00,2025-03-13 07:25:00,SELL,148.017,147.917,WIN,9.7,148.37,148.068,30.19999999999925,7,2025,3
2025-03-17,2025-03-17 07:05:00,2025-03-17 08:00:00,BUY,148.947,149.047,WIN,9.7,148.896,148.451,44.49999999999932,7,2025,3
2025-03-19,2025-03-19 08:30:00,2025-03-19 09:00:00,BUY,149.699,149.799,WIN,9.7,149.642,149.181,46.09999999999843,8,2025,3
2025-03-25,2025-03-25 07:35:00,2025-03-25 08:25:00,SELL,150.518,150.418,WIN,9.7,150.94,150.583,35.69999999999993,7,2025,3
2025-03-26,2025-03-26 06:10:00,2025-03-26 06:55:00,BUY,150.362,150.462,WIN,9.7,150.277,149.835,44.199999999997885,6,2025,3
2025-04-02,2025-04-02 12:55:00,2025-04-02 13:00:00,SELL,149.443,149.34300000000002,WIN,9.7,149.945,149.497,44.79999999999791,12,2025,4
2025-04-29,2025-04-29 07:40:00,2025-04-29 12:05:00,BUY,142.512,142.612,WIN,9.7,142.432,141.951,48.099999999999454,7,2025,4
2025-04-30,2025-04-30 09:05:00,2025-04-30 10:30:00,BUY,142.682,142.78199999999998,WIN,9.7,142.545,142.104,44.09999999999741,9,2025,4
2025-05-01,2025-05-01 06:05:00,2025-05-01 06:30:00,BUY,143.424,143.524,WIN,9.7,143.238,142.87,36.7999999999995,6,2025,5
2025-06-05,2025-06-05 07:30:00,2025-06-05 08:50:00,BUY,143.053,143.153,WIN,9.7,142.972,142.526,44.599999999999795,7,2025,6
2025-06-18,2025-06-18 07:20:00,2025-06-18 07:35:00,SELL,145.05,144.95000000000002,WIN,9.7,145.439,145.102,33.69999999999891,7,2025,6
2025-06-19,2025-06-19 09:30:00,2025-06-19 12:50:00,BUY,145.315,145.415,WIN,9.7,145.211,144.727,48.40000000000089,9,2025,6
2025-06-25,2025-06-25 08:15:00,2025-06-25 09:15:00,BUY,145.092,145.192,WIN,9.7,145.036,144.6,43.600000000000705,8,2025,6
2025-07-02,2025-07-02 08:50:00,2025-07-02 10:00:00,BUY,143.805,143.905,WIN,9.7,143.742,143.313,42.900000000000205,8,2025,7
2025-07-03,2025-07-03 06:45:00,2025-07-03 08:20:00,BUY,143.818,143.918,WIN,9.7,143.756,143.438,31.800000000001205,6,2025,7
2025-07-04,2025-07-04 06:20:00,2025-07-04 07:20:00,SELL,144.507,144.407,WIN,9.7,144.965,144.566,39.90000000000009,6,2025,7
2025-07-18,2025-07-18 07:00:00,2025-07-18 08:30:00,BUY,148.689,148.789,WIN,9.7,148.62,148.283,33.70000000000175,7,2025,7
2025-07-29,2025-07-29 08:25:00,2025-07-29 10:30:00,SELL,148.211,148.711,LOSS,-50.3,148.704,148.283,42.10000000000207,8,2025,7
2025-08-01,2025-08-01 08:30:00,2025-08-01 08:50:00,SELL,150.514,150.41400000000002,WIN,9.7,150.913,150.586,32.69999999999982,8,2025,8
2025-08-13,2025-08-13 10:10:00,2025-08-13 10:30:00,SELL,147.544,147.44400000000002,WIN,9.7,148.164,147.693,47.09999999999752,10,2025,8
2025-08-20,2025-08-20 09:05:00,2025-08-20 09:15:00,SELL,147.352,147.252,WIN,9.7,147.812,147.411,40.100000000001046,9,2025,8
2025-08-21,2025-08-21 09:40:00,2025-08-21 12:35:00,BUY,147.567,147.667,WIN,9.7,147.505,147.217,28.79999999999825,9,2025,8
2025-08-27,2025-08-27 06:25:00,2025-08-27 07:15:00,BUY,147.792,147.892,WIN,9.7,147.732,147.243,48.90000000000043,6,2025,8
2025-08-28,2025-08-28 06:45:00,2025-08-28 09:00:00,SELL,147.119,147.019,WIN,9.7,147.482,147.183,29.90000000000066,6,2025,8
2025-09-04,2025-09-04 06:55:00,2025-09-04 10:20:00,BUY,148.24,148.34,WIN,9.7,148.187,147.781,40.60000000000059,6,2025,9
2025-09-09,2025-09-09 07:50:00,2025-09-09 08:25:00,SELL,147.096,146.996,WIN,9.7,147.518,147.147,37.10000000000093,7,2025,9
2025-09-11,2025-09-11 08:55:00,2025-09-11 09:00:00,BUY,147.575,147.67499999999998,WIN,9.7,147.476,147.272,20.400000000000773,8,2025,9
2025-09-12,2025-09-12 07:40:00,2025-09-12 11:10:00,BUY,147.532,147.632,WIN,9.7,147.476,147.108,36.7999999999995,7,2025,9
2025-09-16,2025-09-16 06:30:00,2025-09-16 08:00:00,SELL,147.055,146.955,WIN,9.7,147.535,147.107,42.79999999999973,6,2025,9
2025-09-18,2025-09-18 07:55:00,2025-09-18 08:45:00,BUY,147.204,147.304,WIN,9.7,147.144,146.753,39.100000000001955,7,2025,9
2025-09-19,2025-09-19 06:35:00,2025-09-19 06:45:00,SELL,147.746,147.64600000000002,WIN,9.7,148.112,147.828,28.39999999999918,6,2025,9
2025-09-24,2025-09-24 07:00:00,2025-09-24 09:10:00,BUY,147.891,147.99099999999999,WIN,9.7,147.82,147.506,31.399999999999295,7,2025,9
2025-09-30,2025-09-30 07:45:00,2025-09-30 08:00:00,SELL,148.435,148.335,WIN,9.7,148.84,148.495,34.499999999999886,7,2025,9
2025-10-02,2025-10-02 11:45:00,2025-10-02 12:25:00,SELL,146.763,146.663,WIN,9.7,147.319,146.932,38.700000000000045,11,2025,10
2025-10-07,2025-10-07 09:25:00,2025-10-07 11:45:00,BUY,150.679,150.779,WIN,9.7,150.615,150.198,41.70000000000016,9,2025,10
2025-10-09,2025-10-09 09:10:00,2025-10-09 09:20:00,BUY,152.888,152.988,WIN,9.7,152.758,152.402,35.6000000000023,9,2025,10
2025-10-10,2025-10-10 06:35:00,2025-10-10 06:50:00,SELL,152.745,152.645,WIN,9.7,153.271,152.829,44.199999999997885,6,2025,10
2025-10-17,2025-10-17 06:40:00,2025-10-17 08:15:00,SELL,149.965,149.865,WIN,9.7,150.441,150.037,40.399999999999636,6,2025,10
2025-11-04,2025-11-04 06:25:00,2025-11-04 06:30:00,SELL,153.98,153.88,WIN,9.7,154.477,154.049,42.79999999999973,6,2025,11
2025-11-06,2025-11-06 10:00:00,2025-11-06 10:55:00,SELL,153.717,153.61700000000002,WIN,9.7,154.133,153.79,34.30000000000177,10,2025,11
2025-11-07,2025-11-07 08:00:00,2025-11-07 09:00:00,BUY,153.427,153.527,WIN,9.7,153.301,152.81,49.099999999998545,8,2025,11
2025-11-12,2025-11-12 06:20:00,2025-11-12 06:40:00,BUY,154.557,154.65699999999998,WIN,9.7,154.406,154.032,37.39999999999952,6,2025,11
2025-11-13,2025-11-13 10:55:00,2025-11-13 11:05:00,SELL,154.514,154.41400000000002,WIN,9.7,155.009,154.616,39.299999999997226,10,2025,11
2025-11-18,2025-11-18 06:15:00,2025-11-18 06:20:00,SELL,154.992,154.892,WIN,9.7,155.373,155.108,26.499999999998636,6,2025,11
2025-11-19,2025-11-19 10:25:00,2025-11-19 11:35:00,BUY,155.652,155.75199999999998,WIN,9.7,155.583,155.209,37.39999999999952,10,2025,11
2025-11-21,2025-11-21 08:05:00,2025-11-21 09:30:00,SELL,157.079,156.979,WIN,9.7,157.535,157.187,34.79999999999848,8,2025,11
2025-11-25,2025-11-25 10:45:00,2025-11-25 11:00:00,SELL,156.475,156.375,WIN,9.7,156.977,156.547,43.00000000000068,10,2025,11
2025-12-02,2025-12-02 10:15:00,2025-12-02 10:40:00,BUY,155.862,155.962,WIN,9.7,155.769,155.402,36.700000000001864,10,2025,12
2025-12-03,2025-12-03 08:25:00,2025-12-03 13:20:00,SELL,155.521,155.421,WIN,9.7,155.899,155.596,30.299999999999727,8,2025,12
2025-12-05,2025-12-05 07:15:00,2025-12-05 07:25:00,SELL,154.82,154.72,WIN,9.7,155.23,154.907,32.29999999999791,7,2025,12
2025-12-08,2025-12-08 10:25:00,2025-12-08 13:00:00,BUY,155.442,155.542,WIN,9.7,155.381,154.893,48.799999999999955,10,2025,12
2025-12-09,2025-12-09 08:15:00,2025-12-09 09:50:00,BUY,156.086,156.186,WIN,9.7,156.033,155.736,29.699999999999704,8,2025,12
2025-12-12,2025-12-12 10:55:00,2025-12-12 12:20:00,BUY,155.834,155.934,WIN,9.7,155.769,155.443,32.59999999999934,10,2025,12
